-0.020597992,0.010312307,-0.030507967,0.032676929,1,0
-0.020391746,-0.184359165,-0.029854428,0.315580306,0,1
-0.024078929,0.01117504,-0.023542822,0.013633799,1,0
-0.023855429,-0.183601504,-0.023270146,0.2987967,0,1
-0.027527459,0.011844286,-0.017294212,-0.001133418,1,0
-0.027290573,-0.183025427,-0.017316881,0.286043193,0,1
-0.030951081,0.012339156,-0.011596017,-0.012050651,1,0
-0.030704298,-0.18261459,-0.01183703,0.276951154,0,1
-0.03435659,0.012674218,-0.006298007,-0.019441542,1,0
-0.034103106,-0.182356849,-0.006686838,0.271247656,0,1
-0.037750243,0.012859879,-0.001261885,-0.023536806,1,0
-0.037493045,-0.182243953,-0.001732621,0.268747715,0,1
-0.041137924,0.012902682,0.003642334,-0.024481188,1,0
-0.040879871,-0.182271314,0.00315271,0.269348707,0,1
-0.044525297,0.012805505,0.008539684,-0.022338171,1,0
-0.044269187,-0.182437866,0.008092921,0.273026843,0,1
-0.047917944,0.01256768,0.013553457,-0.017092604,1,0
-0.04766659,-0.182745995,0.013211605,0.279835594,0,1
-0.05132151,0.012185024,0.018808317,-0.008651318,1,0
-0.05107781,-0.183201544,0.018635291,0.289906016,0,1
-0.054741841,0.011649789,0.024433411,0.003158224,0,1
-0.054508845,0.206412963,0.024496576,-0.28171663,1,0
-0.050380586,0.010950313,0.018862243,0.018590653,0,1
-0.050161579,0.205796751,0.019234056,-0.268081842,1,0
-0.046045644,0.01040566,0.013872419,0.030605046,0,1
-0.045837531,0.205325954,0.01448452,-0.257668902,1,0
-0.041731012,0.010000239,0.009331142,0.039547236,0,1
-0.041531007,0.204987148,0.010122087,-0.250177078,1,0
-0.037431264,0.009722123,0.005118545,0.045681298,0,1
-0.037236822,0.204770305,0.006032171,-0.245382296,1,0
-0.033141416,0.009562719,0.001124525,0.049197202,0,1
-0.032950161,0.204668528,0.002108469,-0.243130715,1,0
-0.028856791,0.009516523,-0.002754145,0.050216531,0,1
-0.02866646,0.204677858,-0.001749814,-0.243334078,1,0
-0.024572903,0.009580944,-0.006616496,0.048796399,0,1
-0.024381284,0.204797142,-0.005640568,-0.245966724,1,0
-0.020285342,0.009756204,-0.010559902,0.044931711,0,1
-0.020090217,0.205027975,-0.009661268,-0.251064167,1,0
-0.015989658,0.010045309,-0.014682551,0.038555813,0,1
-0.015788752,0.205374697,-0.013911435,-0.258723204,1,0
-0.011681258,0.010454082,-0.019085899,0.029539598,0,1
-0.011472176,0.205844463,-0.018495107,-0.269103508,1,0
-0.007355287,0.010991268,-0.023877177,0.017689044,1,0
-0.007135462,-0.183780263,-0.023523397,0.30274384,0,1
-0.010811067,0.011668908,-0.01746852,0.002735952,1,0
-0.010577689,-0.18319822,-0.017413801,0.289856564,0,1
-0.014241653,0.012167659,-0.011616669,-0.008267222,1,0
-0.0139983,-0.182785783,-0.011782014,0.280727986,0,1
-0.017654016,0.012502234,-0.006167454,-0.01564754,1,0
-0.017403971,-0.182530728,-0.006480405,0.275083118,0,1
-0.021054585,0.012683081,-0.000978743,-0.019636672,1,0
-0.020800924,-0.18242482,-0.001371476,0.272737289,0,1
-0.02444942,0.012716674,0.00408327,-0.02037789,1,0
-0.024195087,-0.182463597,0.003675712,0.273590554,0,1
-0.027844359,0.012605715,0.009147523,-0.017930781,1,0
-0.027592244,-0.182646219,0.008788907,0.277624201,0,1
-0.031245169,0.012349251,0.014341391,-0.012273802,1,0
-0.030998184,-0.182975407,0.014095915,0.28489928,0,1
-0.034657692,0.011942698,0.019793901,-0.003304769,0,1
-0.034418838,0.206775265,0.019727806,-0.289677343,1,0
-0.030283333,0.01137764,0.013934259,0.00916166,0,1
-0.03005578,0.206297012,0.014117492,-0.279092474,1,0
-0.02592984,0.010976543,0.008535642,0.018009439,0,1
-0.025710309,0.20597505,0.008895831,-0.271968218,1,0
-0.021590808,0.010727298,0.003456467,0.023507161,0,1
-0.021376262,0.20579951,0.00392661,-0.26808321,1,0
-0.017260272,0.010621742,-0.001435054,0.025835606,0,1
-0.017047837,0.205764244,-0.000918342,-0.267299751,1,0
-0.012932552,0.010655411,-0.006264337,0.025093382,0,1
-0.012719444,0.205866635,-0.005762469,-0.269559412,1,0
-0.008602111,0.01082739,-0.011153658,0.021300442,0,1
-0.008385563,0.206107505,-0.010727649,-0.274880618,1,0
-0.004263413,0.011140243,-0.016225261,0.014399579,0,1
-0.004040608,0.206491081,-0.01593727,-0.283358126,1,0
8.92E-05,0.011600029,-0.021604432,0.004255969,1,0
0.000321214,-0.183205528,-0.021519313,0.290044903,0,1
-0.003342897,0.01221656,-0.015718415,-0.009346548,1,0
-0.003098565,-0.182676482,-0.015905346,0.278335877,0,1
-0.006752095,0.012668719,-0.010338628,-0.019320836,1,0
-0.006498721,-0.182303451,-0.010725045,0.270082287,0,1
-0.01014479,0.012969895,-0.005323399,-0.025963988,1,0
-0.009885392,-0.182075312,-0.005842679,0.265034604,0,1
-0.013526898,0.013129542,-0.000541987,-0.029485417,1,0
-0.013264307,-0.181984632,-0.001131695,0.263026458,0,1
-0.016904,0.013153454,0.004128834,-0.030013203,1,0
-0.016640931,-0.182027463,0.00352857,0.263969551,0,1
-0.02028148,0.013043946,0.008807961,-0.027598344,1,0
-0.020020601,-0.182203203,0.008255994,0.267850526,0,1
-0.023664665,0.012799956,0.013613005,-0.022217009,1,0
-0.023408666,-0.182514546,0.013168665,0.2747297,0,1
-0.027058957,0.012417065,0.018663258,-0.01377089,1,0
-0.026810616,-0.1829675,0.018387841,0.284741597,0,1
-0.030469966,0.011887436,0.024082673,-0.002085676,0,1
-0.030232217,0.206655877,0.024040959,-0.287073999,1,0
-0.026099099,0.011199473,0.018299479,0.013093247,0,1
-0.02587511,0.20605427,0.018561344,-0.273760266,1,0
-0.021754024,0.010672465,0.013086139,0.02471868,0,1
-0.021540575,0.205604329,0.013580512,-0.263806865,1,0
-0.017428489,0.010291195,0.008304375,0.033128368,0,1
-0.017222665,0.20529308,0.008966942,-0.256922915,1,0
-0.013116803,0.010044263,0.003828484,0.038574782,0,1
-0.012915918,0.205111105,0.00459998,-0.252897765,1,0
-0.008813696,0.009923773,-0.000457976,0.041232524,0,1
-0.00861522,0.205052289,0.000366675,-0.251594863,1,0
-0.004514174,0.009925103,-0.004665222,0.041203697,0,1
-0.004315672,0.205113641,-0.003841148,-0.252947494,1,0
-0.0002134,0.010046748,-0.008900098,0.038521393,0,1
-1.25E-05,0.205295188,-0.00812967,-0.256956263,1,0
0.004093439,0.010290243,-0.013268796,0.033151393,0,1
0.004299244,0.205599935,-0.012605768,-0.263688268,1,0
0.008411243,0.010660161,-0.017879533,0.024992163,0,1
0.008624446,0.206033896,-0.01737969,-0.273277901,1,0
0.012745124,0.011164185,-0.022845248,0.013873149,0,1
0.012968408,0.20660619,-0.022567785,-0.285929279,1,0
0.017100531,0.011813242,-0.028286371,-0.000448626,1,0
0.017336796,-0.182891861,-0.028295343,0.283177113,0,1
0.013678959,0.012622006,-0.022631801,-0.018294017,1,0
0.013931399,-0.182168191,-0.022997681,0.267163272,0,1
0.010288035,0.013274301,-0.017654416,-0.032683665,1,0
0.010553521,-0.181590088,-0.018308089,0.254377239,0,1
0.00692172,0.013788422,-0.013220544,-0.044023689,1,0
0.007197488,-0.181141481,-0.014101018,0.244458887,0,1
0.003574658,0.014179009,-0.00921184,-0.052638282,1,0
0.003858239,-0.180809653,-0.010264606,0.237124058,0,1
0.000242045,0.014457429,-0.005522125,-0.058778876,1,0
0.000531194,-0.180584912,-0.006697702,0.232156678,0,1
-0.003080504,0.014632099,-0.002054569,-0.062631379,1,0
-0.002787862,-0.180460335,-0.003307196,0.229402611,0,1
-0.006397069,0.01470872,0.001280856,-0.064321685,1,0
-0.006102894,-0.180431572,-5.58E-06,0.228765085,0,1
-0.009711526,0.014690459,0.004569724,-0.063919601,1,0
-0.009417717,-0.180496711,0.003291332,0.230201591,0,1
-0.013027651,0.014578053,0.007895364,-0.061441321,1,0
-0.01273609,-0.180656205,0.006666537,0.233722151,0,1
-0.016349214,0.014369862,0.01134098,-0.056850501,1,0
-0.016061817,-0.180912848,0.01020397,0.239388903,0,1
-0.019680074,0.014061859,0.014991748,-0.050058016,1,0
-0.019398837,-0.181271815,0.013990588,0.247316978,0,1
-0.023024273,0.01364756,0.018936928,-0.040920372,1,0
-0.022751322,-0.181740752,0.01811852,0.257676671,0,1
-0.026386137,0.013117904,0.023272054,-0.029236783,1,0
-0.026123779,-0.182329919,0.022687318,0.270696931,0,1
-0.029770377,0.012461061,0.028101257,-0.014744847,0,1
-0.029521156,0.20716897,0.02780636,-0.298430717,1,0
-0.025377776,0.011661914,0.021837745,0.002890516,0,1
-0.025144538,0.206463983,0.021895556,-0.28282313,1,0
-0.021015258,0.011036681,0.016239093,0.016684337,0,1
-0.020794525,0.205922025,0.01657278,-0.270831051,1,0
-0.016676084,0.010567551,0.011156159,0.027032593,0,1
-0.016464733,0.205527752,0.011696811,-0.262109668,1,0
-0.012354178,0.010240806,0.006454617,0.034239497,0,1
-0.012149362,0.205269604,0.007139407,-0.256399962,1,0
-0.00804397,0.010046453,0.002011408,0.03852627,0,1
-0.007843041,0.205139503,0.002781933,-0.253521359,1,0
-0.003740251,0.00997794,-0.002288494,0.04003774,0,1
-0.003540692,0.205132633,-0.001487739,-0.25336635,1,0
0.000561961,0.010031956,-0.006555066,0.038846946,0,1
0.0007626,0.205247291,-0.005778127,-0.25589694,1,0
0.004867545,0.010208312,-0.010896066,0.034957885,0,1
0.005071712,0.205484807,-0.010196908,-0.26114285,1,0
0.009181408,0.010509889,-0.015419765,0.028306483,0,1
0.009391606,0.205849537,-0.014853635,-0.269201386,1,0
0.013508596,0.010942673,-0.020237663,0.01875985,0,1
0.01372745,0.206348921,-0.019862466,-0.280238967,1,0
0.017854428,0.011515853,-0.025467246,0.006113806,1,0
0.018084745,-0.183231779,-0.025344969,0.290653966,0,1
0.01442011,0.012242226,-0.01953189,-0.009913495,1,0
0.014664954,-0.182594244,-0.01973016,0.276543455,0,1
0.011013069,0.012803556,-0.014199291,-0.022296489,1,0
0.01126914,-0.182111916,-0.014645221,0.265872793,0,1
0.007626902,0.013215964,-0.009327765,-0.031393148,1,0
0.007891221,-0.181770989,-0.009955628,0.258332235,0,1
0.004255802,0.013491667,-0.004788983,-0.03747414,1,0
0.004525635,-0.181561283,-0.005538466,0.253693975,0,1
0.000894409,0.01363931,-0.000464586,-0.040730725,1,0
0.001167196,-0.181475976,-0.001279201,0.251805584,0,1
-0.002462324,0.013664218,0.003756911,-0.041280553,1,0
-0.00218904,-0.181511404,0.0029313,0.252585344,0,1
-0.005819268,0.013568568,0.007983007,-0.039171557,1,0
-0.005547896,-0.181666944,0.007199575,0.256019359,0,1
-0.009181235,0.013351479,0.012319963,-0.034384037,1,0
-0.008914206,-0.181944958,0.011632282,0.262160363,0,1
-0.012553105,0.013009035,0.016875489,-0.026831027,1,0
-0.012292924,-0.182350808,0.016338869,0.271128169,0,1
-0.01593994,0.012534227,0.021761432,-0.016356951,0,1
-0.015689256,0.207337443,0.021434293,-0.302095233,1,0
-0.011542507,0.011916663,0.015392388,-0.002730198,0,1
-0.011304174,0.206814522,0.015337784,-0.29051717,1,0
-0.007167883,0.011477264,0.009527441,0.006963385,0,1
-0.006938338,0.206461291,0.009666709,-0.282698357,1,0
-0.002809112,0.011202803,0.004012741,0.01301766,0,1
-0.002585056,0.206266977,0.004273095,-0.278396503,1,0
0.001540284,0.011084328,-0.001294835,0.015631084,0,1
0.00176197,0.206224825,-0.000982214,-0.277460097,1,0
0.005886467,0.0111169,-0.006531416,0.014912878,0,1
0.006108805,0.206331908,-0.006233158,-0.279823611,1,0
0.010235443,0.011299425,-0.01182963,0.010886894,0,1
0.010461431,0.206589014,-0.011611892,-0.285504823,1,0
0.014593212,0.011634579,-0.017321989,0.003493294,0,1
0.014825903,0.207000614,-0.017252123,-0.294604205,1,0
0.018965915,0.012128817,-0.023144207,-0.007411881,1,0
0.019208492,-0.182653699,-0.023292445,0.277879855,0,1
0.015555418,0.012792667,-0.017734848,-0.02205753,1,0
0.015811271,-0.182070518,-0.018175998,0.26497751,0,1
0.012169861,0.013306079,-0.012876448,-0.033382426,1,0
0.012435982,-0.181628875,-0.013544097,0.255210193,0,1
0.008803405,0.013683813,-0.008439893,-0.04171381,1,0
0.009077081,-0.181316102,-0.009274169,0.248294345,0,1
0.005450759,0.01393706,-0.004308282,-0.047299369,1,0
0.0057295,-0.181122849,-0.005254269,0.244021149,0,1
0.002107043,0.014073755,-0.000373846,-0.050314464,1,0
0.002388518,-0.181042833,-0.001380136,0.242250488,0,1
-0.001232338,0.014098805,0.003464874,-0.050867451,1,0
-0.000950362,-0.181072657,0.002447525,0.242906656,0,1
-0.004571815,0.014014248,0.007305658,-0.049003254,1,0
-0.00429153,-0.181211693,0.006325593,0.245975688,0,1
-0.007915764,0.013819344,0.011245107,-0.044705304,1,0
-0.007639377,-0.181462036,0.010351001,0.251504238,0,1
-0.011268618,0.013510588,0.015381086,-0.03789589,1,0
-0.010998406,-0.181828513,0.014623168,0.259599963,0,1
-0.014634977,0.013081662,0.019815167,-0.028434983,1,0
-0.014373343,-0.182318764,0.019246467,0.270433395,0,1
-0.018019719,0.012523325,0.024655135,-0.016117498,0,1
-0.017769252,0.207283174,0.024332785,-0.300920609,1,0
-0.013623589,0.011823009,0.018314373,-0.00066402,0,1
-0.013387129,0.206677582,0.018301093,-0.287512738,1,0
-0.009253577,0.011299488,0.012550838,0.010885546,0,1
-0.009027587,0.206239216,0.012768549,-0.277811165,1,0
-0.004902803,0.010937456,0.007212326,0.018871445,0,1
-0.004684054,0.205955236,0.007589754,-0.271527211,1,0
-0.000564949,0.010725809,0.00215921,0.023539861,0,1
-0.000350433,0.205816729,0.002630007,-0.268461029,1,0
0.003765902,0.010657344,-0.002739213,0.025050258,0,1
0.003979049,0.20581847,-0.002238208,-0.268495661,1,0
0.008095418,0.010728532,-0.007608121,0.02348048,0,1
0.008309989,0.20595876,-0.007138512,-0.271593152,1,0
0.012429164,0.010939395,-0.012570375,0.018829737,0,1
0.012647952,0.206239343,-0.01219378,-0.277792632,1,0
0.016772739,0.011293453,-0.017749633,0.01101958,0,1
0.016998608,0.206665402,-0.017529241,-0.287210298,1,0
0.021131916,0.011797764,-0.023273447,-0.000107082,1,0
0.021367871,-0.182982814,-0.023275589,0.285142886,0,1
0.017708215,0.01246323,-0.017572731,-0.014789177,1,0
0.017957479,-0.182402355,-0.017868514,0.272297955,0,1
0.014309432,0.012969946,-0.012422555,-0.025966777,1,0
0.014568831,-0.181971673,-0.012941891,0.262770952,0,1
0.010929398,0.013332598,-0.007686472,-0.033965731,1,0
0.01119605,-0.181678288,-0.008365786,0.256282156,0,1
0.007562484,0.013562099,-0.003240143,-0.039027689,1,0
0.007833726,-0.181513239,-0.004020697,0.252631182,0,1
0.004203461,0.013665893,0.001031927,-0.041317232,1,0
0.004476779,-0.181470841,0.000205582,0.251691099,0,1
0.000847362,0.013648174,0.005239404,-0.040926976,1,0
0.001120326,-0.181548516,0.004420864,0.253404418,0,1
-0.002510645,0.013510033,0.009488953,-0.037880816,1,0
-0.002240444,-0.181746696,0.008731336,0.257780802,0,1
-0.005875378,0.01324952,0.013886953,-0.032135392,1,0
-0.005610388,-0.182068795,0.013244245,0.264896464,0,1
-0.009251763,0.012861641,0.018542174,-0.023579853,0,1
-0.008994531,0.20771284,0.018070577,-0.310355322,1,0
-0.004840274,0.012338153,0.01186347,-0.012028677,0,1
-0.004593511,0.207287974,0.011622897,-0.300945054,1,0
-0.000447751,0.012002306,0.005603996,-0.004619282,0,1
-0.000207705,0.207043441,0.00551161,-0.295528825,1,0
0.003933164,0.011843351,-0.000398966,-0.001112731,0,1
0.004170031,0.206971022,-0.000421221,-0.29392151,1,0
0.008309451,0.011855078,-0.006299651,-0.00137146,0,1
0.008546553,0.207066806,-0.00632708,-0.296035327,1,0
0.012687889,0.012035623,-0.012247787,-0.005354557,1,0
0.012928601,-0.182908556,-0.012354878,0.283439019,0,1
0.00927043,0.012387415,-0.006686098,-0.013114821,1,0
0.009518178,-0.182638014,-0.006948394,0.277451086,0,1
0.005865418,0.012582373,-0.001399372,-0.017415237,1,0
0.006117066,-0.182519482,-0.001747677,0.274825843,0,1
0.002466676,0.012627361,0.00374884,-0.018407791,1,0
0.002719223,-0.182548151,0.003380684,0.275455577,0,1
-0.00093174,0.012525403,0.008889796,-0.016159164,0,1
-0.000681232,0.207518743,0.008566612,-0.306024051,1,0
0.003469143,0.012275772,0.002446131,-0.010651786,0,1
0.003714659,0.207362557,0.002233096,-0.302561926,1,0
0.00786191,0.01220885,-0.003818143,-0.009175567,0,1
0.008106087,0.20738535,-0.004001654,-0.303060714,1,0
0.012253794,0.012320658,-0.010062869,-0.011642502,1,0
0.012500207,-0.182655543,-0.010295719,0.277848559,0,1
0.008847096,0.012611763,-0.004738747,-0.018063764,1,0
0.009099331,-0.18244191,-0.005100023,0.273120273,0,1
0.005450493,0.01275244,0.000362383,-0.021166843,1,0
0.005705542,-0.182374707,-6.10E-05,0.271630398,0,1
0.002058048,0.012748114,0.005371654,-0.021071754,1,0
0.00231301,-0.182450458,0.004950219,0.27330114,0,1
-0.001335999,0.012600512,0.010416241,-0.017816372,0,1
-0.001083989,0.207571545,0.010059914,-0.307194737,1,0
0.003067442,0.012307702,0.003916019,-0.011356228,0,1
0.003313596,0.207373274,0.003688895,-0.302801036,1,0
0.007461062,0.012198943,-0.002367126,-0.008956999,0,1
0.00770504,0.207354762,-0.002546266,-0.302385842,1,0
0.011852136,0.012269193,-0.008593983,-0.010507039,1,0
0.012097519,-0.182728461,-0.008804124,0.279452041,0,1
0.00844295,0.01251797,-0.003215083,-0.015994633,1,0
0.00869331,-0.182557726,-0.003534975,0.275672166,0,1
0.005042155,0.012614481,0.001978468,-0.018123596,1,0
0.005294445,-0.182535788,0.001615996,0.275182903,0,1
0.001643729,0.01256307,0.007119654,-0.016989899,0,1
0.00189499,0.207582197,0.006779856,-0.307418015,1,0
0.006046634,0.012364297,0.000631496,-0.012604633,0,1
0.00629392,0.207477186,0.000379403,-0.305088248,1,0
0.010443464,0.01234983,-0.005722362,-0.012285691,1,0
0.010690461,-0.182689589,-0.005968076,0.278586283,0,1
0.007036669,0.01251699,-0.00039635,-0.015972976,1,0
0.007287009,-0.182599275,-0.00071581,0.276584872,0,1
0.003635023,0.012532882,0.004815888,-0.016323736,0,1
0.003885681,0.207585437,0.004489413,-0.307483311,1,0
0.008037389,0.012399804,-0.001660253,-0.013387928,1,0
0.008285386,-0.182698298,-0.001928012,0.278770707,0,1
0.00463142,0.012451105,0.003647403,-0.014519688,0,1
0.004880442,0.207520558,0.003357009,-0.306049588,1,0
0.009030853,0.012350931,-0.002763983,-0.012309837,0,1
0.009277871,0.207512412,-0.00301018,-0.30586355,1,0
0.01342812,0.012433485,-0.009127451,-0.014131478,1,0
0.013676789,-0.182556385,-0.00941008,0.275657711,0,1
0.010025662,0.012698549,-0.003896926,-0.019978247,1,0
0.010279633,-0.182367299,-0.004296491,0.271472612,0,1
0.006632287,0.012815696,0.001132961,-0.022562344,1,0
0.006888601,-0.182322484,0.000681714,0.270477829,0,1
0.003242151,0.012789732,0.006091271,-0.021990003,1,0
0.003497946,-0.182419042,0.005651471,0.272608548,0,1
-0.000150435,0.012621815,0.011103642,-0.018286541,0,1
0.000102001,0.207582782,0.010737911,-0.30744556,1,0
0.004253657,0.012309482,0.004589,-0.011395613,0,1
0.004499846,0.207365322,0.004361088,-0.30262713,1,0
0.008647153,0.012181488,-0.001691455,-0.008572008,0,1
0.008890783,0.207327656,-0.001862895,-0.301788129,1,0
0.013037336,0.012232306,-0.007898658,-0.009693301,1,0
0.013281982,-0.182775483,-0.008092524,0.280487075,0,1
0.009626472,0.012460966,-0.002482782,-0.014737184,1,0
0.009875691,-0.182625292,-0.002777526,0.277161363,0,1
0.006223186,0.012536175,0.002765701,-0.0163963,0,1
0.006473909,0.207618354,0.002437775,-0.308205333,1,0
0.010626276,0.012461752,-0.003726331,-0.014754596,1,0
0.010875511,-0.182606561,-0.004021423,0.276750304,0,1
0.00722338,0.012572531,0.001513583,-0.017198262,1,0
0.007474831,-0.182571094,0.001169618,0.275961833,0,1
0.003823409,0.012534151,0.006688854,-0.016351966,0,1
0.004074092,0.20755954,0.006361815,-0.306916998,1,0
0.008225283,0.012347516,0.000223475,-0.012234527,0,1
0.008472233,0.207466262,-2.12E-05,-0.304846936,1,0
0.012621558,0.012344613,-0.006118154,-0.0121707,1,0
0.01286845,-0.182689064,-0.006361568,0.278575614,0,1
0.009214669,0.012523059,-0.000790056,-0.016106935,1,0
0.00946513,-0.182587553,-0.001112195,0.276326615,0,1
0.005813379,0.012550249,0.004414338,-0.016706891,0,1
0.006064384,0.207608616,0.0040802,-0.307993779,1,0
0.010216557,0.012428764,-0.002079676,-0.014026864,0,1
0.010465132,0.207580479,-0.002360213,-0.307365227,1,0
0.014616741,0.012492239,-0.008507518,-0.015427584,1,0
0.014866586,-0.182506678,-0.008816069,0.274559025,0,1
0.011216453,0.012739944,-0.003324889,-0.020891416,1,0
0.011471251,-0.182334168,-0.003742717,0.270740618,0,1
0.007824568,0.012840991,0.001672095,-0.023120426,1,0
0.008081388,-0.182304899,0.001209687,0.270089596,0,1
0.00443529,0.012799768,0.006611479,-0.022211543,1,0
0.004691285,-0.182416371,0.006167248,0.272550026,0,1
0.001042958,0.01261704,0.011618248,-0.018181366,0,1
0.001295299,0.207570461,0.011254621,-0.307176075,1,0
0.005446708,0.012289962,0.005111099,-0.010965088,0,1
0.005692507,0.207338242,0.004891798,-0.302031029,1,0
0.009839272,0.012146913,-0.001148823,-0.007809357,0,1
0.01008221,0.207285321,-0.00130501,-0.30085453,1,0
0.014227917,0.012181995,-0.007322101,-0.008583462,0,1
0.014471557,0.207408185,-0.00749377,-0.303567577,1,0
0.01861972,0.012393829,-0.013565121,-0.013257404,1,0
0.018867597,-0.18253098,-0.01383027,0.275114886,0,1
0.015216977,0.012785538,-0.008327972,-0.021897841,1,0
0.015472688,-0.182215998,-0.008765929,0.268145924,0,1
0.011828368,0.01302995,-0.00340301,-0.027288897,1,0
0.012088967,-0.182043034,-0.003948788,0.264318403,0,1
0.008448106,0.013135056,0.00133758,-0.02960739,1,0
0.008710808,-0.182006052,0.000745432,0.263497257,0,1
0.005070686,0.013105252,0.006015377,-0.028950459,1,0
0.005332792,-0.182102445,0.005436368,0.265624298,0,1
0.001690743,0.012941495,0.010748854,-0.025339004,1,0
0.001949573,-0.182332941,0.010242074,0.270715832,0,1
-0.001697086,0.01264137,0.015656391,-0.018719178,0,1
-0.001444259,0.207535332,0.015282007,-0.306421502,1,0
0.002706448,0.012198986,0.009153577,-0.008958461,0,1
0.002950427,0.207188474,0.008974408,-0.298739326,1,0
0.007094197,0.011939756,0.002999621,-0.003239602,0,1
0.007332992,0.20701856,0.002934829,-0.294974604,1,0
0.011473363,0.011854891,-0.002964663,-0.001367524,0,1
0.011710461,0.207019234,-0.002992013,-0.294984361,1,0
0.015850846,0.011940066,-0.008891701,-0.00324657,0,1
0.016089647,0.207188401,-0.008956632,-0.29872162,1,0
0.020233415,0.012195259,-0.014931064,-0.008876854,1,0
0.02047732,-0.182709412,-0.015108601,0.279057996,0,1
0.016823132,0.012624775,-0.009527442,-0.018351604,1,0
0.017075628,-0.182359255,-0.009894474,0.271310142,0,1
0.013428442,0.012902479,-0.004468271,-0.02447705,1,0
0.013686492,-0.182155109,-0.004957812,0.266792744,0,1
0.01004339,0.013037248,0.000378043,-0.027449784,1,0
0.010304135,-0.182090123,-0.000170953,0.265352396,0,1
0.006662332,0.013034268,0.005136095,-0.027384446,1,0
0.006923018,-0.182160961,0.004588406,0.26691454,0,1
0.003279798,0.012895205,0.009926697,-0.024317642,1,0
0.003537703,-0.182367686,0.009440344,0.271480666,0,1
-0.000109651,0.012618292,0.014869958,-0.018209849,0,1
0.000142715,0.207523869,0.014505761,-0.306164286,1,0
0.004293192,0.012198247,0.008382475,-0.008942133,0,1
0.004537157,0.207198985,0.008203632,-0.298968545,1,0
0.008681137,0.011961064,0.002224261,-0.003709677,0,1
0.008920358,0.207051045,0.002150068,-0.295689993,1,0
0.013061379,0.011898509,-0.003763732,-0.002329745,0,1
0.013299349,0.207074234,-0.003810327,-0.296197794,1,0
0.017440834,0.012006809,-0.009734283,-0.004719014,0,1
0.01768097,0.207267002,-0.009828663,-0.30045726,1,0
0.02182631,0.012286511,-0.015837808,-0.010890232,1,0
0.02207204,-0.182604766,-0.016055613,0.276753899,0,1
0.018419945,0.012742523,-0.010520535,-0.020949414,1,0
0.018674795,-0.182226985,-0.010939523,0.268395683,0,1
0.015030256,0.013049364,-0.005571609,-0.027717469,1,0
0.015291243,-0.181992245,-0.006125959,0.263202359,0,1
0.011651398,0.013216609,-0.000861912,-0.031406448,1,0
0.01191573,-0.181892972,-0.001490041,0.261004412,0,1
0.008277871,0.013250218,0.003730048,-0.03214812,1,0
0.008542875,-0.181925024,0.003087085,0.261709339,0,1
0.004904375,0.013152724,0.008321272,-0.029998288,1,0
0.005167429,-0.182087564,0.007721306,0.265298431,0,1
0.001525678,0.012923336,0.013027275,-0.024939158,0,1
0.001784145,0.207856066,0.012528492,-0.313483531,1,0
0.005941266,0.0125579,0.006258821,-0.016875993,0,1
0.006192424,0.207589536,0.005921301,-0.307577636,1,0
0.010344215,0.012383714,-0.000230251,-0.013033183,0,1
0.010591889,0.207508966,-0.000490915,-0.305788748,1,0
0.014742068,0.012394014,-0.00660669,-0.013260684,1,0
0.014989948,-0.182632568,-0.006871904,0.277330452,0,1
0.011337297,0.012586743,-0.001325295,-0.017511924,1,0
0.011589032,-0.182516177,-0.001675533,0.274752562,0,1
0.007938708,0.01262964,0.003819518,-0.018458359,0,1
0.008191301,0.207696607,0.003450351,-0.30993374,1,0
0.012345233,0.012525667,-0.002748324,-0.016164671,1,0
0.012595747,-0.182556762,-0.003071617,0.275649861,0,1
0.008944611,0.012608878,0.00244138,-0.018000272,0,1
0.009196789,0.207695732,0.002081374,-0.309911916,1,0
0.013350704,0.012544187,-0.004116864,-0.01657331,1,0
0.013601587,-0.182518482,-0.00444833,0.27480786,0,1
0.009951218,0.012666654,0.001047827,-0.019274752,1,0
0.010204551,-0.182470309,0.000662332,0.273738593,0,1
0.006555145,0.012642186,0.006137104,-0.018735359,0,1
0.006807988,0.207675589,0.005762397,-0.309475657,1,0
0.0109615,0.012472011,-0.000427116,-0.014981017,0,1
0.01121094,0.207600085,-0.000726737,-0.307798673,1,0
0.015362942,0.012488497,-0.00688271,-0.015345028,1,0
0.015612712,-0.182534075,-0.007189611,0.275158399,0,1
0.011962031,0.012689713,-0.001686443,-0.019783441,1,0
0.012215825,-0.182408013,-0.002082112,0.272366917,0,1
0.008567664,0.012743586,0.003365227,-0.020971988,1,0
0.008822536,-0.182426464,0.002945787,0.272770804,0,1
0.005174007,0.012653331,0.008401203,-0.018981558,0,1
0.005427074,0.207653798,0.008021572,-0.309002012,1,0
0.00958015,0.012418477,0.001841532,-0.013800135,0,1
0.009828519,0.20751397,0.001565529,-0.305901469,1,0
0.013978798,0.012369745,-0.0045525,-0.012725224,0,1
0.014226193,0.207556688,-0.004807005,-0.306841035,1,0
0.018377327,0.012503564,-0.010943826,-0.015677983,1,0
0.018627398,-0.182459744,-0.011257385,0.273532045,0,1
0.014978204,0.012821009,-0.005786744,-0.022680125,1,0
0.015234624,-0.182217479,-0.006240347,0.268171415,0,1
0.011590274,0.012992971,-0.000876919,-0.026473209,1,0
0.011850134,-0.182116393,-0.001406383,0.265932911,0,1
0.008207806,0.013025602,0.003912275,-0.027193269,1,0
0.008468318,-0.182152235,0.00336841,0.266721452,0,1
0.004825273,0.012921481,0.008702839,-0.024897151,1,0
0.005083703,-0.182324188,0.008204896,0.270518865,0,1
0.001437219,0.012679723,0.013615273,-0.019564945,0,1
0.001690813,0.207603797,0.013223974,-0.307921188,1,0
0.005842889,0.012295939,0.007065551,-0.011097281,0,1
0.006088808,0.207315852,0.006843605,-0.301542594,1,0
0.010235125,0.012097032,0.000812753,-0.006709218,0,1
0.010477066,0.207207318,0.000678569,-0.2991356,1,0
0.014621212,0.012075701,-0.005304143,-0.006238743,0,1
0.014862726,0.207273318,-0.005428918,-0.30059046,1,0
0.019008193,0.012229166,-0.011440727,-0.009624638,0,1
0.019252776,0.207513308,-0.01163322,-0.305895181,1,0
0.023403042,0.012559048,-0.017751124,-0.016903668,1,0
0.023654223,-0.182303892,-0.018089197,0.270126136,0,1
0.020008145,0.013071463,-0.012686674,-0.028206884,1,0
0.020269574,-0.181866277,-0.013250812,0.260446412,0,1
0.016632249,0.013442302,-0.008041884,-0.036386362,1,0
0.016901095,-0.181563409,-0.008769611,0.253748458,0,1
0.013269827,0.013682655,-0.003694642,-0.041687609,1,0
0.01354348,-0.181386121,-0.004528394,0.249827337,0,1
0.009915757,0.013800204,0.000468153,-0.044280493,1,0
0.010191761,-0.181328457,-0.000417457,0.248550104,0,1
0.006565192,0.013799454,0.004553545,-0.044264469,1,0
0.006841181,-0.181387496,0.003668256,0.249851658,0,1
0.003213431,0.013681878,0.008665289,-0.041671971,1,0
0.003487069,-0.181563252,0.007831849,0.253732293,0,1
-0.000144196,0.013446,0.012906495,-0.036470074,1,0
0.000124724,-0.181858631,0.012177094,0.260256878,0,1
-0.003512449,0.013087389,0.017382231,-0.028560496,1,0
-0.003250701,-0.182279466,0.016811021,0.269555635,0,1
-0.00689629,0.012598598,0.022202134,-0.017777949,0,1
-0.006644318,0.207395225,0.021846575,-0.303373985,1,0
-0.002496414,0.011968847,0.015779095,-0.003881986,0,1
-0.002257037,0.20686099,0.015701456,-0.291544947,1,0
0.001880183,0.01151872,0.009870557,0.006048378,0,1
0.002110557,0.206497732,0.009991524,-0.283503997,1,0
0.006240512,0.011234707,0.004321444,0.01231338,0,1
0.006465206,0.206294418,0.004567712,-0.279002952,1,0
0.010591095,0.011107605,-0.001012347,0.015117116,0,1
0.010813247,0.206244059,-0.000710005,-0.277885047,1,0
0.014938128,0.011132244,-0.006267706,0.014573861,0,1
0.015160773,0.206343519,-0.005976228,-0.280079993,1,0
0.019287643,0.011307326,-0.011577828,0.010712072,0,1
0.01951379,0.206593389,-0.011363587,-0.285601195,1,0
0.023645657,0.011635332,-0.017075611,0.003476187,0,1
0.023878364,0.206997957,-0.017006087,-0.294545015,1,0
0.028018323,0.012122535,-0.022896987,-0.007273699,1,0
0.028260774,-0.182663685,-0.023042461,0.278097917,0,1
0.0246075,0.012779282,-0.017480503,-0.021762592,1,0
0.024863086,-0.182087676,-0.017915755,0.265354181,0,1
0.021221332,0.013285339,-0.012608671,-0.032925262,1,0
0.021487039,-0.18165355,-0.013267176,0.255752978,0,1
0.017853968,0.013655288,-0.008152117,-0.041084931,1,0
0.018127074,-0.181348821,-0.008973815,0.249014816,0,1
0.014500097,0.013900128,-0.003993519,-0.04648508,1,0
0.0147781,-0.181164332,-0.004923221,0.244935184,0,1
0.011154813,0.01402759,-2.45E-05,-0.049296571,1,0
0.011435365,-0.181094009,-0.001010449,0.24337862,0,1
0.007813485,0.01404236,0.003857124,-0.049622857,1,0
0.008094332,-0.181134686,0.002864667,0.244274526,0,1
0.004471638,0.013946232,0.007750157,-0.047503439,1,0
0.004750563,-0.181285988,0.006800089,0.24761462,0,1
0.001124843,0.01373819,0.011752381,-0.042915673,1,0
0.001399607,-0.181550298,0.010894067,0.253451949,0,1
-0.002231399,0.013414419,0.015963106,-0.035774979,1,0
-0.00196311,-0.181932766,0.015247607,0.261901419,0,1
-0.005601766,0.012968251,0.020485635,-0.025933501,0,1
-0.005342401,0.207790522,0.019966965,-0.312083235,1,0
-0.00118659,0.012389888,0.013725301,-0.013170811,0,1
-0.000938793,0.207312339,0.013461884,-0.301491835,1,0
0.003207454,0.012001131,0.007432048,-0.004593895,0,1
0.003447477,0.207015712,0.00734017,-0.294922685,1,0
0.007587791,0.011789888,0.001441716,6.62E-05,0,1
0.007823589,0.206891134,0.001443039,-0.292161548,1,0
0.011961412,0.011748637,-0.004400192,0.000976146,0,1
0.012196384,0.206933416,-0.004380669,-0.293091841,1,0
0.016335053,0.011874196,-0.010242506,-0.001793731,0,1
0.016572537,0.207141531,-0.01027838,-0.297690613,1,0
0.020715367,0.012167595,-0.016232193,-0.008266947,1,0
0.020958719,-0.182717848,-0.016397532,0.279250651,0,1
0.017304362,0.012634135,-0.010812519,-0.018558589,1,0
0.017557045,-0.182331097,-0.01118369,0.270693346,0,1
0.013910423,0.012948645,-0.005769823,-0.025495885,1,0
0.014169396,-0.182090089,-0.006279741,0.265361027,0,1
0.010527594,0.013120926,-0.000972521,-0.029295953,1,0
0.010790012,-0.181987065,-0.00155844,0.263079974,0,1
0.007150271,0.013157096,0.00370316,-0.030094094,1,0
0.007413413,-0.182017764,0.003101278,0.263754916,0,1
0.003773058,0.013059784,0.008376376,-0.027948225,1,0
0.004034253,-0.182181283,0.007817412,0.267365727,0,1
0.000390628,0.012828233,0.013164726,-0.022841313,0,1
0.000647193,0.20775894,0.0127079,-0.311341718,1,0
0.004802371,0.012458268,0.006481066,-0.014678342,0,1
0.005051537,0.207486675,0.006187499,-0.30530939,1,0
0.00920127,0.012277098,8.13E-05,-0.010681516,0,1
0.009446812,0.207397883,-0.000132319,-0.303338787,1,0
0.01359477,0.012277818,-0.006199095,-0.010697594,0,1
0.013840326,0.207488121,-0.006413047,-0.305329945,1,0
0.017990089,0.012458144,-0.012519646,-0.014676417,1,0
0.018239251,-0.182482043,-0.012813174,0.274030267,0,1
0.014589611,0.012820363,-0.007332569,-0.022666264,1,0
0.014846018,-0.182195669,-0.007785894,0.267694163,0,1
0.011202104,0.013036529,-0.002432011,-0.027434286,1,0
0.011462835,-0.182050461,-0.002980697,0.264480323,0,1
0.007821826,0.013113907,0.00230891,-0.029141253,1,0
0.008084104,-0.182041079,0.001726085,0.264269265,0,1
0.004443282,0.013056192,0.00701147,-0.027868738,1,0
0.004704406,-0.182165603,0.006454095,0.267018112,0,1
0.001061094,0.012863644,0.011794458,-0.023622174,0,1
0.001318367,0.207814484,0.011322014,-0.312560604,1,0
0.005474657,0.012533083,0.005070802,-0.016328676,0,1
0.005725318,0.207581947,0.004744229,-0.307407401,1,0
0.009876957,0.012392716,-0.00140392,-0.013232052,0,1
0.010124812,0.207534773,-0.001668561,-0.306357602,1,0
0.014275507,0.012436639,-0.007795713,-0.014201363,1,0
0.01452424,-0.18257265,-0.00807974,0.276011764,0,1
0.010872787,0.012663639,-0.002559505,-0.019208527,1,0
0.01112606,-0.182421513,-0.002943675,0.272665749,0,1
0.007477629,0.012742317,0.00250964,-0.020944168,1,0
0.007732476,-0.182415535,0.002090757,0.272529522,0,1
0.004084165,0.012676521,0.007541347,-0.019493241,0,1
0.004337695,0.207689514,0.007151482,-0.309787277,1,0
0.008491486,0.012466404,0.000955737,-0.014857582,0,1
0.008740814,0.207574635,0.000658585,-0.307238809,1,0
0.012892307,0.012443306,-0.005486191,-0.014348254,1,0
0.013141173,-0.182599538,-0.005773156,0.276598677,0,1
0.009489182,0.0126043,-0.000241183,-0.017899499,1,0
0.009741268,-0.182514192,-0.000599173,0.274707322,0,1
0.006090984,0.012616303,0.004894974,-0.018164524,0,1
0.00634331,0.207667714,0.004531683,-0.309299019,1,0
0.010496664,0.012481489,-0.001654297,-0.015190377,1,0
0.010746294,-0.182616699,-0.001958105,0.27697014,0,1
0.00709396,0.012533133,0.003581298,-0.016329729,0,1
0.007344623,0.207603542,0.003254704,-0.307880566,1,0
0.011496694,0.012435366,-0.002902908,-0.014172971,0,1
0.011745401,0.207598828,-0.003186367,-0.307770385,1,0
0.015897378,0.012522424,-0.009341775,-0.016094055,1,0
0.016147826,-0.182464318,-0.009663656,0.273626854,0,1
0.01249854,0.012794176,-0.004191119,-0.022088281,1,0
0.012754423,-0.18226742,-0.004632885,0.269269358,0,1
0.009109075,0.012920338,0.000752503,-0.024871201,1,0
0.009367482,-0.182212397,0.000255079,0.268049054,0,1
0.005723234,0.012905913,0.00561606,-0.024553408,1,0
0.005981352,-0.182296125,0.005124991,0.269896145,0,1
0.002335429,0.012752317,0.010522914,-0.021165935,0,1
0.002590476,0.20772179,0.010099596,-0.310510274,1,0
0.006744912,0.012457413,0.00388939,-0.014659415,0,1
0.00699406,0.20752337,0.003596202,-0.30611266,1,0
0.011144527,0.012350358,-0.002526051,-0.012297754,0,1
0.011391534,0.207508445,-0.002772006,-0.305776608,1,0
0.015541703,0.012426105,-0.008887539,-0.013969192,1,0
0.015790225,-0.182567267,-0.009166922,0.275896413,0,1
0.01213888,0.012684262,-0.003648994,-0.019663613,1,0
0.012392565,-0.182385169,-0.004042266,0.271865784,0,1
0.008744862,0.012794229,0.001395049,-0.022089344,1,0
0.009000746,-0.182347701,0.000953262,0.27103341,0,1
0.005353792,0.012760635,0.006373931,-0.021348701,1,0
0.005609005,-0.182452142,0.005946957,0.273338439,0,1
0.001959962,0.012584452,0.011413725,-0.017462883,0,1
0.002211651,0.207540873,0.011064468,-0.306522904,1,0
0.006362469,0.012263017,0.00493401,-0.010371164,0,1
0.006607729,0.207313862,0.004726586,-0.301493276,1,0
0.010754006,0.012124863,-0.001303279,-0.007323438,0,1
0.010996504,0.207265481,-0.001449748,-0.30041728,1,0
0.015141813,0.012164224,-0.007458094,-0.008191927,0,1
0.015385098,0.207392336,-0.007621932,-0.30321861,1,0
0.019532944,0.012379835,-0.013686304,-0.012949183,1,0
0.019780541,-0.182543189,-0.013945288,0.275384323,0,1
0.016129677,0.012774921,-0.008437601,-0.021664137,1,0
0.016385176,-0.182225017,-0.008870884,0.268344732,0,1
0.012740675,0.013022402,-0.00350399,-0.027122878,1,0
0.013001124,-0.182049125,-0.004046447,0.264452445,0,1
0.009360141,0.013130348,0.001242602,-0.02950402,1,0
0.009622748,-0.182009401,0.000652521,0.263570702,0,1
0.00598256,0.01310323,0.005923935,-0.028906341,1,0
0.006244625,-0.182103171,0.005345809,0.26563975,0,1
0.002602561,0.012942076,0.010658604,-0.025352279,1,0
0.002861403,-0.182331094,0.010151558,0.270674408,0,1
-0.000785219,0.012644534,0.015565046,-0.018789458,0,1
-0.000532329,0.207539847,0.015189257,-0.306521076,1,0
0.003618468,0.012204782,0.009058836,-0.009086808,0,1
0.003862564,0.207195654,0.008877099,-0.298897853,1,0
0.008006477,0.011948298,0.002899142,-0.003428526,0,1
0.008245443,0.207028552,0.002830572,-0.29519533,1,0
0.012386014,0.011866361,-0.003073335,-0.00162103,0,1
0.012623341,0.207032253,-0.003105755,-0.295272045,1,0
0.016763986,0.011954716,-0.009011196,-0.003570241,0,1
0.017003081,0.207204734,-0.009082601,-0.299082633,1,0
0.021147175,0.012213418,-0.015064254,-0.009277971,1,0
0.021391444,-0.182689288,-0.015249813,0.278614193,0,1
0.017737658,0.012646856,-0.009677529,-0.018839224,1,0
0.017990595,-0.182334982,-0.010054314,0.270774687,0,1
0.014343895,0.01292899,-0.00463882,-0.025062385,1,0
0.014602475,-0.18212613,-0.005140068,0.26615334,0,1
0.010959953,0.013068803,0.000182999,-0.028146366,1,0
0.011221329,-0.182055772,-0.000379928,0.264594293,0,1
0.007580213,0.0130716,0.004911958,-0.028208442,1,0
0.007841645,-0.182120446,0.004347789,0.266020205,0,1
0.004199236,0.012939182,0.009668193,-0.025288227,1,0
0.00445802,-0.182320075,0.009162428,0.270429374,0,1
0.000811619,0.012669937,0.014571016,-0.01934965,0,1
0.001065017,0.207579926,0.014184023,-0.30739987,1,0
0.005216616,0.012258765,0.008036025,-0.010277638,0,1
0.005461791,0.207264552,0.007830473,-0.300414308,1,0
0.009607082,0.01203187,0.001822186,-0.005272128,0,1
0.00984772,0.207127642,0.001716744,-0.297379576,1,0
0.013990272,0.01198126,-0.004230848,-0.004155713,0,1
0.014229898,0.207163631,-0.004313962,-0.298170515,1,0
0.01837317,0.012103439,-0.010277372,-0.00685125,0,1
0.018615239,0.207371263,-0.010414397,-0.302759012,1,0
0.022762664,0.012399275,-0.016469577,-0.013378666,1,0
0.02301065,-0.182482657,-0.016737151,0.274062749,0,1
0.019360997,0.012874055,-0.011255896,-0.023851767,1,0
0.019618478,-0.182084683,-0.011732931,0.265258651,0,1
0.015976784,0.013202748,-0.006427758,-0.031101735,1,0
0.016240839,-0.181826439,-0.007049793,0.259546254,0,1
0.01260431,0.01339544,-0.001858868,-0.03535191,1,0
0.012872219,-0.181699806,-0.002565906,0.256743946,0,1
0.009238223,0.013458685,0.002568973,-0.036747203,1,0
0.009507397,-0.181700011,0.001834029,0.256745153,0,1
0.005873396,0.013395708,0.006968932,-0.035358728,1,0
0.006141311,-0.181825483,0.006261757,0.259514796,0,1
0.002504801,0.01320652,0.011452053,-0.031186528,1,0
0.002768931,-0.182077771,0.010828323,0.26508753,0,1
-0.000872624,0.012887968,0.016130073,-0.024160469,0,1
-0.000614865,0.207774929,0.015646864,-0.311710847,1,0
0.003540634,0.012433598,0.009412647,-0.014134727,0,1
0.003789306,0.207419304,0.009129952,-0.303833052,1,0
0.007937692,0.012168436,0.003053291,-0.008284788,0,1
0.008181061,0.207246466,0.002887596,-0.300002803,1,0
0.01232599,0.012083476,-0.00311246,-0.006410586,0,1
0.012567659,0.207249925,-0.003240672,-0.300073904,1,0
0.016712658,0.012174315,-0.00924215,-0.008414781,0,1
0.016956144,0.207427584,-0.009410446,-0.303999329,1,0
0.021104696,0.012440999,-0.015490432,-0.014299033,1,0
0.021353516,-0.182455414,-0.015776413,0.273456508,0,1
0.017704408,0.012888049,-0.010307283,-0.024160295,1,0
0.017962169,-0.182084582,-0.010790489,0.265252828,0,1
0.014320477,0.013189704,-0.005485432,-0.030813891,1,0
0.014584271,-0.181853155,-0.00610171,0.260133287,0,1
0.010947208,0.013355367,-0.000899044,-0.034467936,1,0
0.011214315,-0.18175368,-0.001588403,0.257931197,0,1
0.007579242,0.013390912,0.003570221,-0.035252312,1,0
0.00784706,-0.181782055,0.002865175,0.258554915,0,1
0.004211419,0.013298876,0.008036273,-0.033222919,1,0
0.004477396,-0.181937391,0.007371815,0.261984663,0,1
0.000838648,0.013078559,0.012611508,-0.02836402,1,0
0.00110022,-0.182221958,0.012044227,0.268271144,0,1
-0.00254422,0.012726055,0.01740965,-0.020588748,0,1
-0.002289698,0.207594063,0.016997875,-0.307728285,1,0
0.001862183,0.012234084,0.01084331,-0.009733515,0,1
0.002106865,0.207198862,0.010648639,-0.298975619,1,0
0.006250842,0.011926754,0.004669127,-0.002953423,0,1
0.006489377,0.206981433,0.004610059,-0.294159534,1,0
0.010629006,0.011794061,-0.001273132,-2.62E-05,0,1
0.010864887,0.206934247,-0.001273657,-0.293110577,1,0
0.015003572,0.011830479,-0.007135868,-0.000829617,0,1
0.015240181,0.207054038,-0.007152461,-0.295755427,1,0
0.019381262,0.012034779,-0.013067569,-0.005336828,0,1
0.019621958,0.207341677,-0.013174306,-0.302113917,1,0
0.023768791,0.012409945,-0.019216584,-0.013614827,1,0
0.02401699,-0.18243122,-0.019488881,0.272943631,0,1
0.020368366,0.012963314,-0.014030008,-0.025821879,1,0
0.020627632,-0.181954655,-0.014546446,0.262401611,0,1
0.016988539,0.013371883,-0.009298413,-0.034833702,1,0
0.017255976,-0.1816155,-0.009995087,0.254901035,0,1
0.013623666,0.013647725,-0.004897067,-0.040917679,1,0
0.013896621,-0.181403662,-0.00571542,0.250216161,0,1
0.010268548,0.013799439,-0.000711097,-0.044264032,1,0
0.010544536,-0.181312308,-0.001596378,0.248194452,0,1
0.00691829,0.013832405,0.003367511,-0.04499158,1,0
0.007194938,-0.181337672,0.00246768,0.248751923,0,1
0.003568185,0.013748951,0.007442718,-0.043151624,1,0
0.003843164,-0.181478931,0.006579686,0.251870227,0,1
0.000213585,0.01354845,0.01161709,-0.038730099,1,0
0.000484554,-0.181738147,0.010842488,0.257595378,0,1
-0.003150209,0.013227344,0.015994396,-0.03164804,1,0
-0.002885662,-0.182120279,0.015361435,0.266038067,0,1
-0.006528067,0.012779097,0.020682196,-0.02176042,0,1
-0.006272485,0.207598433,0.020246988,-0.307846792,1,0
-0.002120517,0.012193922,0.014090052,-0.008847894,0,1
-0.001876638,0.207110998,0.013913094,-0.297052148,1,0
0.002265582,0.011793502,0.007972051,-1.39E-05,0,1
0.002501452,0.20680022,0.007971772,-0.290170967,1,0
0.006637456,0.01156551,0.002168353,0.00501547,0,1
0.006868766,0.206656297,0.002268662,-0.286982527,1,0
0.011001892,0.011502065,-0.003470988,0.006415053,0,1
0.011231934,0.206673623,-0.003342687,-0.287360988,1,0
0.015365406,0.011599501,-0.009089907,0.004265812,0,1
0.015597396,0.206850627,-0.009004591,-0.291271173,1,0
0.019734409,0.011858219,-0.014830014,-0.001441733,0,1
0.019971573,0.20718968,-0.014858849,-0.29876657,1,0
0.024115367,0.01228265,-0.02083418,-0.010806639,1,0
0.02436102,-0.182534411,-0.021050313,0.275230726,0,1
0.020710331,0.012881453,-0.015545698,-0.024016463,1,0
0.02096796,-0.182014149,-0.016026028,0.263721364,0,1
0.017327677,0.013332841,-0.0107516,-0.033972944,1,0
0.017594334,-0.181633291,-0.011431059,0.255298442,0,1
0.013961668,0.01364999,-0.00632509,-0.040968,1,0
0.014234668,-0.181380692,-0.00714445,0.249712607,0,1
0.010607054,0.013842554,-0.002150198,-0.045215239,1,0
0.010883905,-0.181248499,-0.003054503,0.246788506,0,1
0.007258936,0.013916943,0.001881267,-0.046856314,1,0
0.007537274,-0.181231933,0.000944141,0.246419575,0,1
0.003912636,0.013876521,0.005872532,-0.045965398,1,0
0.004190166,-0.181329145,0.004953224,0.248564566,0,1
0.000563583,0.01372172,0.009924516,-0.0425519,1,0
0.000838018,-0.181541129,0.009073478,0.253245709,0,1
-0.002792805,0.013450095,0.014138392,-0.036561522,1,0
-0.002523803,-0.181871719,0.013407161,0.260548466,0,1
-0.006161237,0.013056301,0.018618131,-0.027875698,1,0
-0.005900111,-0.182327631,0.018060617,0.27062282,0,1
-0.009546664,0.012532001,0.023473073,-0.016309426,0,1
-0.009296024,0.207309593,0.023146885,-0.301494878,1,0
-0.005149832,0.011865513,0.017116987,-0.001602714,0,1
-0.004912522,0.206737852,0.017084933,-0.288836254,1,0
-0.000777765,0.011376489,0.011308208,0.00918575,0,1
-0.000550235,0.206334454,0.011491923,-0.279907959,1,0
0.003576454,0.011050472,0.005893764,0.016377224,0,1
0.003797463,0.206087406,0.006221308,-0.27444034,1,0
0.007919212,0.010877244,0.000732501,0.020198289,0,1
0.008136756,0.205988683,0.001136467,-0.272253435,1,0
0.01225653,0.010850534,-0.004308602,0.020787721,0,1
0.012473541,0.206034009,-0.003892847,-0.273251499,1,0
0.016594221,0.010967819,-0.009357877,0.018201074,0,1
0.016813577,0.206222714,-0.008993856,-0.27741962,1,0
0.020938032,0.01123022,-0.014542248,0.012413134,0,1
0.021162636,0.206557674,-0.014293985,-0.284822338,1,0
0.025293789,0.011642474,-0.019990432,0.003318305,0,1
0.025526639,0.207045328,-0.019924066,-0.295604208,1,0
0.029667546,0.012213001,-0.02583615,-0.009271011,1,0
0.029911806,-0.182529079,-0.02602157,0.275149638,0,1
0.026261224,0.012954286,-0.020518578,-0.025625619,1,0
0.02652031,-0.181867494,-0.02103109,0.260513497,0,1
0.02288296,0.013548269,-0.01582082,-0.038728009,1,0
0.023153925,-0.18134328,-0.01659538,0.248921603,0,1
0.01952706,0.01401169,-0.011616948,-0.048949319,1,0
0.019807293,-0.180941774,-0.012595935,0.240045839,0,1
0.016188458,0.014357827,-0.007795018,-0.05658343,1,0
0.016475614,-0.180651495,-0.008926686,0.233629953,0,1
0.012862585,0.014596858,-0.004254087,-0.061855318,1,0
0.013154522,-0.180463842,-0.005491194,0.229482386,0,1
0.009545245,0.014736147,-0.000901546,-0.064927585,1,0
0.009839968,-0.180372867,-0.002200098,0.227470762,0,1
0.00623251,0.014780456,0.002349317,-0.065905343,1,0
0.00652812,-0.180375098,0.001031211,0.22751788,0,1
0.002920618,0.014732101,0.005581568,-0.064839587,1,0
0.00321526,-0.180469429,0.004284776,0.229599119,0,1
-0.000394129,0.014591031,0.008876759,-0.061729165,1,0
-0.000102308,-0.18065706,0.007642176,0.233741166,0,1
-0.00371545,0.014354869,0.012316999,-0.056521408,1,0
-0.003428352,-0.180941502,0.011186571,0.240022033,0,1
-0.007047182,0.014018875,0.015987011,-0.04911145,1,0
-0.006766805,-0.181328624,0.015004782,0.248572334,0,1
-0.010393377,0.013575863,0.019976229,-0.039340245,1,0
-0.01012186,-0.181826766,0.019189424,0.259577838,0,1
-0.013758395,0.013016061,0.024380981,-0.026991248,0,1
-0.013498074,0.20778004,0.023841156,-0.311883091,1,0
-0.009342473,0.012326691,0.017603494,-0.01177775,0,1
-0.009095939,0.207191818,0.017367939,-0.298854994,1,0
-0.004952103,0.011826661,0.011390839,-0.000745537,0,1
-0.00471557,0.206783414,0.011375929,-0.28981286,1,0
-0.000579902,0.01150111,0.005579671,0.006436092,0,1
-0.000349879,0.206542599,0.005708393,-0.284481171,1,0
0.003780973,0.011339698,1.88E-05,0.009996667,0,1
0.004007767,0.206461381,0.000218703,-0.282680338,1,0
0.008136994,0.011336311,-0.005434904,0.010071559,0,1
0.00836372,0.206535782,-0.005233473,-0.284321178,1,0
0.012494436,0.011488863,-0.010919896,0.006706559,0,1
0.012724213,0.206765705,-0.010785765,-0.289401625,1,0
0.016859527,0.011799204,-0.016573797,-0.000139837,0,1
0.017095512,0.207154878,-0.016576594,-0.298005576,1,0
0.021238609,0.012273098,-0.022536706,-0.010596362,1,0
0.021484071,-0.182518518,-0.022748633,0.274891632,0,1
0.017833701,0.012920493,-0.0172508,-0.024878554,1,0
0.018092111,-0.181949873,-0.017748371,0.262312019,0,1
0.014453113,0.013420868,-0.012502131,-0.035915685,1,0
0.01472153,-0.181519589,-0.013220445,0.252796619,0,1
0.011091139,0.013788619,-0.008164512,-0.044026789,1,0
0.011366911,-0.181215311,-0.009045048,0.246069017,0,1
0.007742605,0.014034649,-0.004123668,-0.049453151,1,0
0.008023298,-0.18102793,-0.005112731,0.241925876,0,1
0.004402739,0.014166678,-0.000274213,-0.052365347,1,0
0.004686073,-0.18095134,-0.00132152,0.240231051,0,1
0.001067046,0.014189464,0.003483101,-0.052868427,1,0
0.001350835,-0.180982256,0.002425732,0.240911408,0,1
-0.00226881,0.01410496,0.00724396,-0.051005391,1,0
-0.001986711,-0.181120109,0.006223853,0.243954235,0,1
-0.005609113,0.013912394,0.011102937,-0.046759053,1,0
-0.005330865,-0.181366991,0.010167756,0.249406167,0,1
-0.008958205,0.013608292,0.01515588,-0.040052371,1,0
-0.008686039,-0.181727677,0.014354832,0.25737359,0,1
-0.012320593,0.013186422,0.019502304,-0.030747261,1,0
-0.012056864,-0.182209695,0.018887359,0.268024492,0,1
-0.015701058,0.012637687,0.024247849,-0.018641897,0,1
-0.015448304,0.207403655,0.023875011,-0.303576799,1,0
-0.011300231,0.011949729,0.017803475,-0.003460878,0,1
-0.011061237,0.206811887,0.017734257,-0.290473849,1,0
-0.006924999,0.011441609,0.01192478,0.007749084,0,1
-0.006696167,0.20639053,0.012079762,-0.281147704,1,0
-0.002568356,0.011098371,0.006456808,0.015320526,0,1
-0.002346389,0.206127131,0.006763218,-0.275318228,1,0
0.001776154,0.010909342,0.001256854,0.01949013,0,1
0.001994341,0.206013246,0.001646656,-0.27279598,1,0
0.006114606,0.010867838,-0.003809263,0.020405852,0,1
0.006331963,0.20604421,-0.003401146,-0.273476503,1,0
0.010452847,0.010970953,-0.008870676,0.018131755,0,1
0.010672266,0.206218989,-0.008508041,-0.277336721,1,0
0.014796646,0.011219444,-0.014054776,0.012650676,0,1
0.015021035,0.20654011,-0.013801762,-0.284433353,1,0
0.019151837,0.011617698,-0.019490429,0.003864827,0,1
0.019384191,0.207013669,-0.019413133,-0.294903284,1,0
0.023524464,0.012173786,-0.025311198,-0.008405632,1,0
0.02376794,-0.182576195,-0.025479311,0.276185071,0,1
0.020116416,0.012899829,-0.01995561,-0.024423901,1,0
0.020374412,-0.181930341,-0.020444088,0.261896606,0,1
0.016735806,0.013477384,-0.015206155,-0.037163872,1,0
0.017005353,-0.181423246,-0.015949433,0.250682836,0,1
0.013376888,0.013922791,-0.010935776,-0.046987885,1,0
0.013655344,-0.181040655,-0.011875534,0.242224744,0,1
0.010034531,0.014248898,-0.007031039,-0.054180255,1,0
0.010319509,-0.180771536,-0.008114644,0.236276057,0,1
0.006704078,0.014465403,-0.003389123,-0.058955389,1,0
0.006993386,-0.180607791,-0.004568231,0.232656321,0,1
0.003381231,0.014579135,8.49E-05,-0.061464068,1,0
0.003672813,-0.180544033,-0.001144386,0.231245643,0,1
6.19E-05,0.014594252,0.003480527,-0.061798043,1,0
0.000353818,-0.180577429,0.002244566,0.231980978,0,1
-0.003257731,0.014512378,0.006884186,-0.059993093,1,0
-0.002967483,-0.180707598,0.005684324,0.234853867,0,1
-0.006581635,0.014332678,0.010381401,-0.056030638,1,0
-0.006294982,-0.180936575,0.009260789,0.239909536,0,1
-0.009913713,0.014051867,0.014058979,-0.049837953,1,0
-0.009632676,-0.181268826,0.01306222,0.247247335,0,1
-0.013258052,0.013664161,0.018007167,-0.041287016,1,0
-0.012984769,-0.181711319,0.017181427,0.257022511,0,1
-0.016618996,0.013161173,0.022321877,-0.030191991,1,0
-0.016355772,-0.182273657,0.021718037,0.269449309,0,1
-0.020001245,0.01253174,0.027107023,-0.016305275,0,1
-0.01975061,0.207254668,0.026780918,-0.300313873,1,0
-0.015605517,0.011761436,0.02077464,0.000693472,0,1
-0.015370288,0.206579382,0.02078851,-0.285363086,1,0
-0.011238701,0.011167209,0.015081248,0.013803221,0,1
-0.011015357,0.206069666,0.015357312,-0.274083498,1,0
-0.006893963,0.010731999,0.009875642,0.023403323,0,1
-0.006679323,0.205710942,0.010343709,-0.266147439,1,0
-0.002565104,0.010442901,0.00502076,0.02977995,0,1
-0.002356246,0.205492493,0.005616359,-0.261314653,1,0
0.001753603,0.010290821,0.000390066,0.033134438,0,1
0.00195942,0.205407177,0.001052755,-0.259425394,1,0
0.006067563,0.010270212,-0.004135753,0.0335894,0,1
0.006272968,0.205451227,-0.003463965,-0.260395525,1,0
0.010381992,0.010378896,-0.008671876,0.031192812,0,1
0.01058957,0.205624125,-0.008048019,-0.26421352,1,0
0.014702053,0.010617966,-0.01333229,0.025920155,0,1
0.014914412,0.20592855,-0.012813887,-0.270939262,1,0
0.019032983,0.010991773,-0.018232672,0.017674719,0,1
0.019252818,0.206370392,-0.017879177,-0.280704607,1,0
0.023380226,0.011507982,-0.02349327,0.006286092,0,1
0.023610386,0.206958845,-0.023367548,-0.293715684,1,0
0.027749563,0.012177711,-0.029241861,-0.008493183,1,0
0.027993117,-0.182512933,-0.029411725,0.274822051,0,1
0.024342858,0.013016043,-0.023915284,-0.026990365,1,0
0.024603179,-0.181754926,-0.024455091,0.258052121,0,1
0.020968081,0.013707466,-0.019294049,-0.04224288,1,0
0.02124223,-0.181132576,-0.020138907,0.244290688,0,1
0.017619578,0.014271148,-0.015253093,-0.0546759,1,0
0.017905001,-0.180628812,-0.016346611,0.233155797,0,1
0.014292425,0.014722846,-0.011683495,-0.06463823,1,0
0.014586882,-0.180229663,-0.012976259,0.224335705,0,1
0.010982289,0.015075323,-0.008489545,-0.072412022,1,0
0.011283795,-0.179923897,-0.009937786,0.21758037,0,1
0.007685317,0.015338697,-0.005586178,-0.078220719,1,0
0.007992091,-0.17970273,-0.007150593,0.212694529,0,1
0.004398037,0.015520722,-0.002896702,-0.082235419,1,0
0.004708451,-0.179559586,-0.004541411,0.209532186,0,1
0.001117259,0.015627006,-0.000350767,-0.084579852,1,0
0.0014298,-0.179489915,-0.002042364,0.207992386,0,1
-0.002159999,0.015661181,0.002117484,-0.085334102,1,0
-0.001846775,-0.179491059,0.000410802,0.208016142,0,1
-0.005436596,0.015625015,0.004571125,-0.08453717,1,0
-0.005124096,-0.179562161,0.002880381,0.209584442,0,1
-0.008715339,0.015518486,0.00707207,-0.082188484,1,0
-0.00840497,-0.179704124,0.0054283,0.21271728,0,1
-0.011999052,0.015339798,0.009682646,-0.07824838,1,0
-0.011692256,-0.179919611,0.008117678,0.217473657,0,1
-0.015290648,0.01508536,0.012467152,-0.072637592,1,0
-0.014988941,-0.180213084,0.0110144,0.223952557,0,1
-0.018593203,0.014749725,0.015493451,-0.06523575,1,0
-0.018298208,-0.180590894,0.014188736,0.232294903,0,1
-0.021910026,0.014325473,0.018834634,-0.055878869,1,0
-0.021623517,-0.181061402,0.017717057,0.242686516,0,1
-0.025244745,0.013803057,0.022570787,-0.044355756,1,0
-0.024968684,-0.181635155,0.021683672,0.25536214,0,1
-0.028601387,0.013170596,0.026790915,-0.030403294,1,0
-0.028337975,-0.182325103,0.026182849,0.27061061,0,1
-0.031984477,0.012413623,0.031595061,-0.013700482,0,1
-0.031736204,0.207068549,0.031321051,-0.296249745,1,0
-0.027594833,0.011514416,0.025396056,0.00614447,0,1
-0.027364545,0.206263119,0.025518946,-0.278418748,1,0
-0.023239283,0.01078659,0.019950571,0.022202334,0,1
-0.023023551,0.205616833,0.020394617,-0.264119793,1,0
-0.018911214,0.010209808,0.015112222,0.034925389,0,1
-0.018707018,0.205111822,0.015810729,-0.252951425,1,0
-0.014604782,0.00976772,0.010751701,0.044676267,0,1
-0.014409427,0.20473386,0.011645226,-0.244595101,1,0
-0.01031475,0.009447531,0.006753324,0.051738149,0,1
-0.010125799,0.204472,0.007788087,-0.238806421,1,0
-0.006036359,0.00923966,0.003011959,0.056322882,0,1
-0.005851566,0.204318296,0.004138416,-0.235408229,1,0
-0.0017652,0.009137462,-0.000569748,0.058577204,0,1
-0.001582451,0.204267578,0.000601796,-0.234285428,1,0
0.002502901,0.009137034,-0.004083913,0.058587264,0,1
0.002685641,0.204317302,-0.002912167,-0.235381364,1,0
0.006771987,0.009237079,-0.007619795,0.056381554,0,1
0.006956729,0.204467452,-0.006492164,-0.238695702,1,0
0.011046078,0.009438845,-0.011266078,0.05193236,0,1
0.011234855,0.204720512,-0.01022743,-0.244283707,1,0
0.015329265,0.009746124,-0.015113105,0.045155767,0,1
0.015524188,0.205081491,-0.014209989,-0.252256907,1,0
0.019625817,0.010165302,-0.019255127,0.035910262,0,1
0.019829123,0.205558008,-0.018536922,-0.262785122,1,0
0.023940284,0.010705492,-0.023792625,0.023993894,0,1
0.024154393,0.206160428,-0.023312747,-0.276099902,1,0
0.028277602,0.011378705,-0.028834745,0.009139963,0,1
0.028505176,0.206902065,-0.028651945,-0.292499401,1,0
0.032643217,0.012200101,-0.034501934,-0.008988844,1,0
0.032887219,-0.182410493,-0.03468171,0.272611763,0,1
0.029239009,0.013188724,-0.029229475,-0.030805006,1,0
0.029502784,-0.181502132,-0.029845575,0.252514292,0,1
0.025872741,0.014032997,-0.024795289,-0.049431077,1,0
0.026153401,-0.180724799,-0.025783911,0.23532675,0,1
0.022538905,0.014755868,-0.021077376,-0.065376417,1,0
0.022834023,-0.180057649,-0.022384904,0.22058266,0,1
0.01923287,0.015377001,-0.017973251,-0.079076483,1,0
0.01954041,-0.179482748,-0.019554781,0.207882079,0,1
0.015950755,0.015913285,-0.015397139,-0.090904673,1,0
0.01626902,-0.178984627,-0.017215233,0.196880962,0,1
0.012689328,0.01637928,-0.013277613,-0.101182504,1,0
0.013016914,-0.178549891,-0.015301263,0.187281976,0,1
0.009445916,0.016787599,-0.011555624,-0.110188354,1,0
0.009781668,-0.178166875,-0.013759391,0.178826554,0,1
0.00621833,0.017149246,-0.01018286,-0.118165029,1,0
0.006561315,-0.177825337,-0.012546161,0.171287975,0,1
0.003004808,0.017473917,-0.009120401,-0.125326325,1,0
0.003354287,-0.177516194,-0.011626928,0.164465316,0,1
-0.000196037,0.01777025,-0.008337621,-0.131862791,1,0
0.000159368,-0.177231282,-0.010974877,0.158178109,0,1
-0.003385258,0.018046063,-0.007811315,-0.137946818,1,0
-0.003024337,-0.176963141,-0.010570251,0.152261562,0,1
-0.006563599,0.018308556,-0.00752502,-0.143737217,1,0
-0.006197428,-0.176704823,-0.010399764,0.146562234,1,0
-0.009731525,-0.371676312,-0.00746852,0.435946177,0,1
-0.017165051,-0.176449437,0.001250404,0.140918307,1,0
-0.02069404,-0.371589274,0.00406877,0.433995453,0,1
-0.028125825,-0.176525163,0.012748679,0.142597923,0,1
-0.031656328,0.018411908,0.015600638,-0.146035911,1,0
-0.03128809,-0.17692994,0.012679919,0.151527606,0,1
-0.034826689,0.018008173,0.015710471,-0.137128261,1,0
-0.034466526,-0.177335236,0.012967906,0.160469382,0,1
-0.03801323,0.017598684,0.016177294,-0.128094456,1,0
-0.037661257,-0.177751233,0.013615405,0.169647995,0,1
-0.041216281,0.017173216,0.017008365,-0.118708772,1,0
-0.040872817,-0.178188245,0.014634189,0.179291251,0,1
-0.044436582,0.016721266,0.018220014,-0.10873941,1,0
-0.044102157,-0.178656974,0.016045226,0.189635693,0,1
-0.047675296,0.016231797,0.01983794,-0.097942739,1,0
-0.04735066,-0.179168773,0.017879085,0.200932416,0,1
-0.050934036,0.015692967,0.021897733,-0.086057308,1,0
-0.050620176,-0.179735915,0.020176587,0.213453155,0,1
-0.054214895,0.015091847,0.02444565,-0.072797491,1,0
-0.053913058,-0.180371879,0.022989701,0.227496803,0,1
-0.057520495,0.014414111,0.027539637,-0.057846597,1,0
-0.057232213,-0.181091662,0.026382705,0.243396491,0,1
-0.060854046,0.013643707,0.031250635,-0.040849294,1,0
-0.060581172,-0.181912112,0.030433649,0.261527402,0,1
-0.064219414,0.012762487,0.035664197,-0.021403164,1,0
-0.063964165,-0.182852294,0.035236133,0.282315471,0,1
-0.067621211,0.011749805,0.040882443,0.000950795,0,1
-0.067386214,0.206262321,0.040901459,-0.278558095,1,0
-0.063260968,0.010581472,0.035330297,0.026739369,0,1
-0.063049339,0.205179415,0.035865084,-0.254590441,1,0
-0.05894575,0.009564218,0.030773275,0.049185734,0,1
-0.058754466,0.204231702,0.03175699,-0.233631326,1,0
-0.054669832,0.008670732,0.027084364,0.068897208,0,1
-0.054496417,0.20339412,0.028462308,-0.21511892,1,0
-0.050428535,0.007877069,0.024159929,0.086404662,0,1
-0.050270993,0.202644526,0.025888023,-0.198558934,1,0
-0.046218103,0.007162048,0.021916844,0.102176759,0,1
-0.046074862,0.201963158,0.023960379,-0.183511693,1,0
-0.042035599,0.006506707,0.020290145,0.116632505,0,1
-0.041905465,0.201332149,0.022622795,-0.16958061,1,0
-0.037878822,0.005893817,0.019231183,0.130152408,0,1
-0.037760945,0.200735079,0.021834231,-0.156401822,1,0
-0.033746244,0.005307429,0.018706195,0.143088534,0,1
-0.033640095,0.200156554,0.021567965,-0.143634718,0,1
-0.029636964,0.394963089,0.018695271,-0.429436069,1,0
-0.021737702,0.199581443,0.01010655,-0.130918724,0,1
-0.017746073,0.394557173,0.007488175,-0.420396108,1,0
-0.00985493,0.199329926,-0.000919747,-0.125361945,0,1
-0.005868331,0.394465042,-0.003426986,-0.4183349,1,0
0.002020969,0.199391821,-0.011793684,-0.126734319,0,1
0.006008806,0.394680723,-0.01432837,-0.423114563,1,0
0.01390242,0.199764659,-0.022790661,-0.134982875,0,1
0.017897713,0.395205516,-0.025490319,-0.434767903,1,0
0.025801824,0.200453532,-0.034185677,-0.15022817,1,0
0.029810894,0.005837355,-0.03719024,0.131476901,0,1
0.029927641,0.20147176,-0.034560702,-0.172703202,1,0
0.033957077,0.006861061,-0.038014766,0.108879701,0,1
0.034094298,0.202506558,-0.035837172,-0.19555017,1,0
0.038144429,0.007915066,-0.039748176,0.085615778,0,1
0.03830273,0.203583572,-0.03803586,-0.219338043,1,0
0.042374402,0.009025385,-0.042422621,0.061108311,0,1
0.04255491,0.204729099,-0.041200455,-0.244651656,1,0
0.046649491,0.010219095,-0.046093488,0.034756246,0,1
0.046853873,0.205970694,-0.045398363,-0.272105974,1,0
0.050973287,0.011524952,-0.050840483,0.005919589,1,0
0.051203786,-0.182832403,-0.050722091,0.282138265,0,1
0.047547138,0.012974964,-0.045079326,-0.026100948,1,0
0.047806638,-0.181472495,-0.045601344,0.252025099,0,1
0.044177188,0.014269952,-0.040560842,-0.054685492,1,0
0.044462587,-0.180247651,-0.041654552,0.224929314,0,1
0.040857634,0.015444111,-0.037155966,-0.080596604,1,0
0.041166516,-0.179126049,-0.038767898,0.200135856,0,1
0.037583995,0.016528314,-0.034765181,-0.104520078,1,0
0.037914561,-0.178078623,-0.036855583,0.176995036,0,1
0.034352989,0.017550852,-0.033315682,-0.12708299,1,0
0.034704006,-0.177078381,-0.035857342,0.154905857,0,1
0.031162438,0.018538141,-0.032759224,-0.148870111,1,0
0.031533201,-0.176099761,-0.035736627,0.133300607,1,0
0.028011206,-0.370692076,-0.033070615,0.414498381,0,1
0.020597364,-0.175117376,-0.024780647,0.111575749,1,0
0.017095017,-0.369875634,-0.022549132,0.396338678,0,1
0.009697504,-0.17444113,-0.014622358,0.096632564,1,0
0.006208681,-0.369350489,-0.012689707,0.384666528,0,1
-0.001178328,-0.174050702,-0.004996377,0.088009758,1,0
-0.004659342,-0.36910068,-0.003236181,0.379112146,0,1
-0.012041356,-0.173932921,0.004346061,0.085410604,1,0
-0.015520014,-0.3691169,0.006054274,0.379461545,0,1
-0.022902352,-0.174081446,0.013643504,0.088693672,1,0
-0.026383981,-0.369396276,0.015417378,0.385649716,0,1
-0.033771907,-0.17449655,0.023130372,0.097867401,1,0
-0.037261838,-0.36994224,0.02508772,0.397757238,0,1
-0.044660683,-0.175185028,0.033042865,0.113088365,1,0
-0.048164383,-0.370764486,0.035304632,0.416010247,0,1
-0.055579673,-0.176160216,0.043624837,0.134663146,0,1
-0.059102877,0.018310593,0.0463181,-0.1439439,1,0
-0.058736665,-0.177443035,0.043439222,0.162984279,0,1
-0.062285526,0.017031009,0.046698908,-0.11568449,1,0
-0.061944906,-0.178727876,0.044385218,0.191358203,0,1
-0.065519463,0.015731935,0.048212382,-0.086999268,1,0
-0.065204825,-0.180046754,0.046472397,0.220496474,0,1
-0.06880576,0.014381176,0.050882326,-0.057172583,1,0
-0.068518136,-0.181432019,0.049738874,0.251120019,0,1
-0.072146777,0.012945682,0.054761275,-0.025468744,1,0
-0.071887863,-0.182917089,0.0542519,0.283976776,0,1
-0.075546205,0.011390798,0.059931435,0.008886002,0,1
-0.075318389,0.205604325,0.060109156,-0.264301971,1,0
-0.071206302,0.009678225,0.054823116,0.046717864,0,1
-0.071012738,0.203972937,0.055757473,-0.228176415,1,0
-0.066933279,0.00810034,0.051193945,0.081560093,0,1
-0.066771272,0.202452471,0.052825147,-0.19454172,1,0
-0.062722223,0.006616238,0.048934313,0.114326237,0,1
-0.062589898,0.201004111,0.051220837,-0.162525589,0,1
-0.058569816,0.395356807,0.047970325,-0.438619951,1,0
-0.05066268,0.199589884,0.039197926,-0.131209501,0,1
-0.046670882,0.394129053,0.036573736,-0.411272865,1,0
-0.038788301,0.198508221,0.028348279,-0.107287566,0,1
-0.034818137,0.393212706,0.026202528,-0.390893672,1,0
-0.026953883,0.197728868,0.018384654,-0.090065908,0,1
-0.022999305,0.392582543,0.016583336,-0.376892243,1,0
-0.015147654,0.197229035,0.009045491,-0.079026995,0,1
-0.011203074,0.392220155,0.007464951,-0.368842372,1,0
-0.00335867,0.196992937,8.81E-05,-0.073815028,0,1
0.000581188,0.392113625,-0.001388197,-0.366470156,1,0
0.008423461,0.197011428,-0.0087176,-0.074225272,0,1
0.012363689,0.392257263,-0.010202105,-0.369645839,1,0
0.020208835,0.19728174,-0.017595022,-0.080197141,0,1
0.024154469,0.392651442,-0.019198965,-0.378379002,1,0
0.032007498,0.197807337,-0.026766545,-0.091810857,0,1
0.035963645,0.39330251,-0.028602762,-0.392817001,1,0
0.043829695,0.198597888,-0.036459102,-0.109287593,0,1
0.047801653,0.394222809,-0.038644854,-0.41324657,1,0
0.055686109,0.199669342,-0.046909785,-0.132993015,0,1
0.059679496,0.395430756,-0.049569645,-0.44009853,1,0
0.067588111,0.201044099,-0.058371616,-0.163444208,1,0
0.071608993,0.006804233,-0.0616405,0.110267854,0,1
0.071745078,0.202752823,-0.059435143,-0.201207653,1,0
0.075800134,0.00852905,-0.063459296,0.072149935,0,1
0.075970715,0.204500669,-0.062016297,-0.23986031,1,0
0.080060728,0.010316941,-0.066813504,0.032634229,0,1
0.080267067,0.206330247,-0.066160819,-0.280358274,1,0
0.084393672,0.012211385,-0.071767985,-0.009254123,1,0
0.0846379,-0.181811847,-0.071953067,0.259949859,0,1
0.081001663,0.014259571,-0.06675407,-0.054532217,1,0
0.081286854,-0.179844869,-0.067844714,0.216364848,0,1
0.077689957,0.016178076,-0.063517417,-0.096924171,1,0
0.078013519,-0.177978733,-0.065455901,0.175062185,0,1
0.074453944,0.01801596,-0.061954657,-0.137530576,1,0
0.074814263,-0.176166417,-0.064705269,0.134981141,1,0
0.071290935,-0.370304746,-0.062005646,0.406569161,0,1
0.06388484,-0.174360866,-0.053874262,0.095000188,1,0
0.060397623,-0.368670923,-0.051974259,0.370211024,0,1
0.053024204,-0.172850544,-0.044570038,0.061603543,1,0
0.049567193,-0.367306061,-0.043337967,0.3398979,0,1
0.042221072,-0.17159512,-0.036540009,0.033869757,1,0
0.03878917,-0.36617454,-0.035862614,0.314803689,0,1
0.031465679,-0.170560575,-0.02956654,0.01103006,1,0
0.028054467,-0.3652463,-0.029345939,0.294239718,1,0
0.020749541,-0.559937843,-0.023461145,0.577524824,0,1
0.009550784,-0.364495051,-0.011910648,0.277544372,1,0
0.002260883,-0.559445074,-0.006359761,0.566447016,0,1
-0.008928018,-0.364234486,0.004969179,0.271767298,1,0
-0.016212708,-0.55942699,0.010404525,0.566013373,0,1
-0.027401248,-0.364452537,0.021724793,0.276626398,0,1
-0.034690298,-0.169647158,0.027257321,-0.009126131,1,0
-0.038083242,-0.365149197,0.027074798,0.292030658,0,1
-0.045386225,-0.170423538,0.032915411,0.008008238,1,0
-0.048794696,-0.366001703,0.033075576,0.310891962,0,1
-0.05611473,-0.171366214,0.039293415,0.028820858,1,0
-0.059542055,-0.367028985,0.039869832,0.333637763,0,1
-0.066882634,-0.172496506,0.046542588,0.053789561,1,0
-0.070332564,-0.368253845,0.047618379,0.360786169,0,1
-0.077697641,-0.173839967,0.054834102,0.083490428,1,0
-0.081174441,-0.369703323,0.056503911,0.392957033,0,1
-0.088568507,-0.175426826,0.064363052,0.118610674,1,0
-0.092077044,-0.371409084,0.066735265,0.430885039,0,1
-0.099505225,-0.177292459,0.075352966,0.159963857,0,1
-0.103051074,0.016674351,0.078552243,-0.108027918,1,0
-0.102717587,-0.179480251,0.076391685,0.208367296,0,1
-0.106307192,0.014470965,0.08055903,-0.059273744,1,0
-0.106017773,-0.181708097,0.079373556,0.257699244,0,1
-0.109651935,0.012196234,0.08452754,-0.008930182,0,1
-0.10940801,0.206010625,0.084348937,-0.273792283,1,0
-0.105287798,0.009792784,0.078873091,0.044257261,0,1
-0.105091942,0.203700334,0.079758236,-0.22253516,1,0
-0.101017936,0.007534342,0.075307533,0.094202478,0,1
-0.100867249,0.201500665,0.077191583,-0.173802884,1,0
-0.096837235,0.005363683,0.073715525,0.142198302,0,1
-0.096729962,0.199356731,0.076559491,-0.12634827,0,1
-0.092742827,0.393303166,0.074032526,-0.393929239,1,0
-0.084876764,0.197213049,0.066153941,-0.07885406,0,1
-0.080932503,0.391327354,0.06457686,-0.34995354,1,0
-0.073105956,0.195349275,0.057577789,-0.037626752,0,1
-0.06919897,0.389600311,0.056825254,-0.311601936,0,1
-0.061406964,0.583868587,0.050593215,-0.585836356,1,0
-0.049729592,0.388075865,0.038876488,-0.277655006,0,1
-0.041968075,0.582622252,0.033323388,-0.55782728,1,0
-0.03031563,0.387048747,0.022166842,-0.254834626,0,1
-0.022574655,0.581847299,0.01707015,-0.540444151,1,0
-0.010937709,0.386489614,0.006261267,-0.242431935,0,1
-0.003207917,0.581521571,0.001412628,-0.533133336,1,0
0.008422515,0.386379781,-0.009250039,-0.24000563,0,1
0.01615011,0.581632641,-0.014050151,-0.535591864,1,0
0.027782763,0.386711047,-0.024761988,-0.247368939,0,1
0.035516984,0.58217773,-0.029709367,-0.547758361,1,0
0.047160539,0.387485479,-0.040664534,-0.264582127,0,1
0.054910248,0.583163537,-0.045956177,-0.569808645,1,0
0.066573519,0.388715213,-0.05735235,-0.291950467,1,0
0.074347823,0.194455912,-0.063191359,-0.017892965,0,1
0.078236941,0.390424507,-0.063549219,-0.329825052,1,0
0.086045432,0.196262051,-0.07014572,-0.057840161,0,1
0.089970673,0.392315999,-0.071302523,-0.371803813,1,0
0.097816993,0.198275621,-0.078738599,-0.102427999,0,1
0.101782505,0.394432532,-0.080787159,-0.418876976,1,0
0.109671156,0.200542729,-0.089164699,-0.15271643,1,0
0.11368201,0.006803144,-0.092219027,0.110558792,0,1
0.113818073,0.203117253,-0.090007851,-0.209735097,1,0
0.117880418,0.009389857,-0.094202553,0.053253099,0,1
0.118068215,0.205727461,-0.093137491,-0.267602137,1,0
0.122182765,0.012049607,-0.098489534,-0.005687353,1,0
0.122423757,-0.181532026,-0.098603281,0.254368767,0,1
0.118793116,0.014849423,-0.093515906,-0.067714973,1,0
0.119090105,-0.178816032,-0.094870205,0.194060278,0,1
0.115513784,0.017525951,-0.090989,-0.12697835,1,0
0.115864303,-0.176182683,-0.093528567,0.135668776,1,0
0.112340649,-0.369849184,-0.090815191,0.397441541,0,1
0.104943666,-0.173564062,-0.08286636,0.077564174,1,0
0.101472384,-0.367406334,-0.081315077,0.342995003,0,1
0.094124258,-0.171227367,-0.074455177,0.025818594,1,0
0.09069971,-0.365206974,-0.073938805,0.29411227,1,0
0.083395571,-0.559201169,-0.06805656,0.5625903,0,1
0.072211548,-0.363193523,-0.056804754,0.249266266,1,0
0.064947677,-0.557460185,-0.051819428,0.523504628,0,1
0.053798473,-0.361648685,-0.041349336,0.214953547,1,0
0.0465655,-0.556155846,-0.037050265,0.494311661,0,1
0.035442383,-0.360531496,-0.027164032,0.190186231,1,0
0.028231753,-0.555254514,-0.023360307,0.47417776,0,1
0.017126663,-0.359810591,-0.013876752,0.174224556,1,0
0.009930451,-0.554731219,-0.010392261,0.462497714,0,1
-0.001164174,-0.35946395,-0.001142306,0.166557357,1,0
-0.008353453,-0.554569531,0.002188841,0.4588797,0,1
-0.019444843,-0.35947859,0.011366435,0.166887507,1,0
-0.026634415,-0.554761383,0.014704185,0.463134436,0,1
-0.037729643,-0.359850288,0.023966874,0.175122273,1,0
-0.044926648,-0.555306897,0.027469319,0.475268573,0,1
-0.056032786,-0.360583394,0.036974691,0.191368473,1,0
-0.063244454,-0.556214251,0.04080206,0.495482276,0,1
-0.074368739,-0.361690725,0.050711706,0.215932313,1,0
-0.081602554,-0.55749959,0.055030352,0.524170876,0,1
-0.092752546,-0.36319353,0.065513769,0.249323753,1,0
-0.100016416,-0.559186924,0.070500244,0.561930431,0,1
-0.111200155,-0.365121463,0.081738853,0.292265266,0,1
-0.118502584,-0.171254313,0.087584158,0.026439927,1,0
-0.12192767,-0.367515997,0.088112957,0.345420869,0,1
-0.12927799,-0.173750732,0.095021374,0.081772223,1,0
-0.132753005,-0.370097293,0.096656819,0.402857708,0,1
-0.140154951,-0.176469596,0.104713973,0.142144716,0,1
-0.143684343,0.017008953,0.107556867,-0.115753762,1,0
-0.143344164,-0.17947657,0.105241792,0.20883217,0,1
-0.146933695,0.013995433,0.109418435,-0.048886166,1,0
-0.146653786,-0.182511529,0.108440712,0.276216411,0,1
-0.150304017,0.010909666,0.11396504,0.019607955,0,1
-0.150085824,0.204228424,0.114357199,-0.235055858,1,0
-0.146001255,0.007674099,0.109656082,0.091397675,0,1
-0.145847773,0.201067416,0.111484036,-0.164775643,0,1
-0.141826425,0.394431564,0.108188523,-0.420312828,1,0
-0.133937794,0.197956335,0.099782266,-0.095577662,0,1
-0.129978667,0.391517084,0.097870713,-0.355187263,1,0
-0.122148325,0.195149687,0.090766968,-0.033317672,0,1
-0.118245331,0.388860689,0.090100614,-0.296039198,0,1
-0.110468118,0.582590375,0.08417983,-0.55900123,1,0
-0.09881631,0.386393978,0.072999806,-0.24102909,0,1
-0.091088431,0.580401341,0.068179224,-0.509822197,1,0
-0.079480404,0.384388469,0.05798278,-0.196456819,0,1
-0.071792634,0.578635175,0.054053644,-0.470299836,1,0
-0.060219931,0.382793012,0.044647647,-0.16108161,0,1
-0.052564071,0.577248286,0.041426015,-0.439351801,0,1
-0.041019105,0.771760196,0.032638979,-0.718693582,1,0
-0.025583901,0.576202169,0.018265107,-0.415918618,0,1
-0.014059858,0.771060556,0.009946735,-0.702787802,1,0
0.001361354,0.57580217,-0.004109021,-0.40699042,0,1
0.012877397,0.770982145,-0.01224883,-0.700965959,1,0
0.02829704,0.576032111,-0.026268149,-0.412163911,0,1
0.039817682,0.771516392,-0.034511427,-0.71301112,1,0
0.05524801,0.576888833,-0.04877165,-0.431387967,1,0
0.066785787,0.382490187,-0.057399409,-0.154469919,0,1
0.07443559,0.578385014,-0.060488807,-0.464694393,1,0
0.086003291,0.384167644,-0.069782695,-0.191674008,0,1
0.093686643,0.580214895,-0.073616175,-0.505528633,1,0
0.105290941,0.386203353,-0.083726748,-0.236923138,0,1
0.113015008,0.582415475,-0.088465211,-0.554797227,1,0
0.124663318,0.388639779,-0.099561155,-0.291245182,1,0
0.132436113,0.195067972,-0.105386059,-0.031548004,0,1
0.136337473,0.39153098,-0.106017019,-0.355533741,1,0
0.144168093,0.198063566,-0.113127694,-0.098072614,0,1
0.148129364,0.3946098,-0.115089146,-0.42419609,1,0
0.15602156,0.201290236,-0.123573068,-0.16989665,1,0
0.160047365,0.00813377,-0.126971001,0.081390604,0,1
0.16021004,0.204825565,-0.125343189,-0.24850129,1,0
0.164306551,0.011695776,-0.130313215,0.002166208,1,0
0.164540467,-0.181339878,-0.13026989,0.25106089,0,1
0.160913669,0.01537839,-0.125248673,-0.079707397,1,0
0.161221237,-0.177746292,-0.126842821,0.170983492,0,1
0.157666311,0.018941402,-0.123423151,-0.158869705,1,0
0.158045139,-0.174217224,-0.126600545,0.092469856,1,0
0.154560795,-0.367318676,-0.124751148,0.34268269,0,1
0.147214421,-0.170663152,-0.117897494,0.01341004,1,0
0.143801158,-0.363914287,-0.117629293,0.266692838,1,0
0.136522872,-0.557178157,-0.112295436,0.520082046,0,1
0.125379309,-0.360669359,-0.101893795,0.194229904,1,0
0.118165922,-0.55419733,-0.098009197,0.453111241,1,0
0.107081976,-0.747806624,-0.088946973,0.713362874,0,1
0.092125843,-0.551573161,-0.074679715,0.394060357,1,0
0.08109438,-0.745560362,-0.066798508,0.662294693,0,1
0.066183173,-0.549575726,-0.053552614,0.349349203,1,0
0.055191658,-0.743896757,-0.04656563,0.624675938,0,1
0.040313723,-0.548156706,-0.034072111,0.317698782,1,0
0.029350589,-0.742777221,-0.027718136,0.599444855,0,1
0.014495044,-0.547278658,-0.015729239,0.298161566,1,0
0.003549471,-0.742172902,-0.009766007,0.585842564,0,1
-0.011293987,-0.546915534,0.001950844,0.290099317,1,0
-0.022232297,-0.742065248,0.00775283,0.58339688,0,1
-0.037073602,-0.547052763,0.019420768,0.293166252,1,0
-0.048014658,-0.742446146,0.025284093,0.591910404,0,1
-0.062863581,-0.547687118,0.037122301,0.307297968,1,0
-0.073817323,-0.743317832,0.04326826,0.611453318,0,1
-0.08868368,-0.548826485,0.055497327,0.332706242,1,0
-0.099660209,-0.74469263,0.062151452,0.642360972,0,1
-0.114554062,-0.550489544,0.074998671,0.369879553,1,0
-0.125563853,-0.746592497,0.082396262,0.685236034,0,1
-0.140495703,-0.552705284,0.096100983,0.419589002,0,1
-0.151549808,-0.359067062,0.104492763,0.158682101,1,0
-0.15873115,-0.555517765,0.107666405,0.482415871,0,1
-0.169841505,-0.362067055,0.117314722,0.225512854,1,0
-0.177082846,-0.558653208,0.121824979,0.552776704,0,1
-0.18825591,-0.365433733,0.132880514,0.300823574,0,1
-0.195564585,-0.172431326,0.138896985,0.052824123,1,0
-0.199013211,-0.369243319,0.139953467,0.385903499,0,1
-0.206398078,-0.176356775,0.147671537,0.140414737,0,1
-0.209925213,0.016375535,0.150479832,-0.102279473,1,0
-0.209597703,-0.180546732,0.148434243,0.233840169,0,1
-0.213208637,0.012177051,0.153111046,-0.008587082,0,1
-0.212965096,0.204809478,0.152939304,-0.24931645,1,0
-0.208868907,0.007871873,0.147952975,0.087430917,0,1
-0.208711469,0.200597446,0.149701594,-0.155159474,0,1
-0.20469952,0.393294262,0.146598404,-0.397123846,1,0
-0.196833635,0.196429706,0.138655927,-0.062048739,0,1
-0.192905041,0.389319425,0.137414953,-0.307972127,0,1
-0.185118652,0.582243151,0.13125551,-0.554356827,1,0
-0.173473789,0.385546122,0.120168374,-0.223370747,0,1
-0.165762867,0.578763885,0.115700959,-0.475862762,1,0
-0.154187589,0.382214551,0.106183703,-0.149069684,0,1
-0.146543298,0.575668391,0.10320231,-0.406456712,0,1
-0.13502993,0.769187083,0.095073175,-0.664902638,1,0
-0.119646189,0.572880233,0.081775123,-0.343862736,0,1
-0.108188584,0.766749403,0.074897868,-0.609679607,1,0
-0.092853596,0.570664791,0.062704276,-0.294377892,0,1
-0.0814403,0.764839334,0.056816718,-0.566644321,0,1
-0.066143514,0.959120151,0.045483832,-0.840900169,1,0
-0.046961111,0.763407766,0.028665828,-0.534267568,0,1
-0.031692955,0.958115111,0.017980477,-0.817781996,1,0
-0.012530653,0.762751701,0.001624837,-0.519498274,0,1
0.002724381,0.95785074,-0.008765129,-0.811668744,1,0
0.021881396,0.762849949,-0.024998503,-0.52175571,0,1
0.037138395,0.958314692,-0.035433618,-0.822210009,1,0
0.056304689,0.763694992,-0.051877818,-0.540879009,0,1
0.071578588,0.959506287,-0.062695398,-0.849446038,1,0
0.090768714,0.765292805,-0.079684319,-0.577118548,1,0
0.10607457,0.571372852,-0.09122669,-0.31056402,0,1
0.117502027,0.767668106,-0.09743797,-0.630565988,1,0
0.132855389,0.574031085,-0.11004929,-0.370089638,0,1
0.144336011,0.770530488,-0.117451083,-0.695344937,1,0
0.159746621,0.577216464,-0.131357981,-0.441822925,1,0
0.17129095,0.384174165,-0.14019444,-0.193262364,0,1
0.178974433,0.580994173,-0.144059687,-0.526678109,1,0
0.190594317,0.388161732,-0.154593249,-0.282632882,1,0
0.198357552,0.195543877,-0.160245907,-0.042421365,0,1
0.202268429,0.39255755,-0.161094334,-0.381066613,1,0
0.21011958,0.200045846,-0.168715667,-0.143195068,1,0
0.214120497,0.007691359,-0.171579568,0.091872451,0,1
0.214274324,0.204804142,-0.169742119,-0.249652454,1,0
0.218370407,0.0124614,-0.174735168,-0.014949647,1,0
0.218619635,-0.1797802,-0.175034161,0.217910628,0,1
0.215024031,0.017355542,-0.170675948,-0.12447249,1,0
0.215371142,-0.174962535,-0.173165398,0.109877642,1,0
0.211871891,-0.367234752,-0.170967845,0.343316048,0,1
0.204527196,-0.170145377,-0.164101524,0.001972132,1,0
0.201124289,-0.362580108,-0.164062082,0.23871674,1,0
0.193872687,-0.555024614,-0.159287747,0.475489114,0,1
0.182772194,-0.358054275,-0.149777965,0.137141108,1,0
0.175611109,-0.550748966,-0.147035142,0.379076833,1,0
0.164596129,-0.74351028,-0.139453606,0.622026164,0,1
0.149725924,-0.546744841,-0.127013083,0.288876675,1,0
0.138791027,-0.73984836,-0.121235549,0.538957161,1,0
0.12399406,-0.933076082,-0.110456406,0.791115296,0,1
0.105332538,-0.73662485,-0.0946341,0.465826052,1,0
0.090600041,-0.930291174,-0.085317579,0.727244792,1,0
0.071994218,-1.124136449,-0.070772683,0.991902135,0,1
0.049511489,-0.928142487,-0.05093464,0.677857349,1,0
0.030948639,-1.12252118,-0.037377493,0.954078947,0,1
0.008498215,-0.926916853,-0.018295914,0.649890963,1,0
-0.010040122,-1.121779238,-0.005298095,0.936756923,0,1
-0.032475706,-0.926586243,0.013437043,0.642413906,1,0
-0.051007431,-1.121892888,0.026285321,0.939297798,0,1
-0.073445289,-0.927134954,0.045071277,0.654988807,1,0
-0.091987988,-1.122854488,0.058171054,0.961516437,0,1
-0.114445078,-0.928560528,0.077401382,0.687661104,1,0
-0.133016288,-1.124666633,0.091154604,1.003672842,0,1
-0.155509621,-0.930872779,0.111228061,0.740951279,0,1
-0.174127077,-0.7374478,0.126047087,0.485240369,1,0
-0.188876033,-0.934102078,0.135751894,0.814841368,0,1
-0.207558074,-0.741074201,0.152048722,0.567751965,0,1
-0.222379558,-0.548375234,0.163403761,0.32656859,1,0
-0.233347063,-0.745400698,0.169935133,0.665997209,0,1
-0.248255077,-0.552998684,0.183255077,0.431272116,0,1
-0.259315051,-0.360880188,0.191880519,0.201495644,1,0
-0.266532654,-0.558154415,0.195910432,0.548043565,0,1
-0.277695743,-0.366245812,0.206871303,0.322917166,0,1
